System_Time,Gear,Gear_Num,Speed_kmh,Engine_RPM,Coolant_Temp_C,Oil_Temp_C,Ambient_Temp_C,Fuel_Rate_mL_s,Remaining_Fuel_L,Fuel_Pct,Distance_km,Accel_ms2,Engine_Load_Pct,Throttle_Pct,Rev_Limiter,Engine_State,Stall_Risk,Clutch_State,Brake_State,Battery_V,Tyre_P_FL,Tyre_P_FR,Tyre_P_RL,Tyre_P_RR
09:47:22,Neutral,0,0,800,29.73,29.72,29.7,0.5,39.173,97.9,0.0,0.0,8.2,100.0,0,IDLE,0,UP,OFF,12.6,32.1,32.0,31.8,31.9
09:47:22,Neutral,0,0,800,29.76,29.74,29.7,0.5,39.173,97.9,0.0,0.0,8.2,100.0,0,IDLE,0,UP,OFF,12.6,32.1,32.0,31.8,31.9
09:47:22,Neutral,0,0,800,29.79,29.76,29.7,0.5,39.173,97.9,0.0,0.0,8.2,100.0,0,IDLE,0,UP,OFF,12.6,32.1,32.0,31.8,31.9
09:47:22,Neutral,0,0,800,29.82,29.78,29.7,0.5,39.173,97.9,0.0,0.0,8.2,100.0,0,IDLE,0,UP,OFF,12.6,32.1,32.0,31.8,31.9
09:47:23,Neutral,0,0,800,29.85,29.8,29.7,0.5,39.173,97.9,0.0,0.0,8.2,100.0,0,IDLE,0,UP,OFF,12.6,32.1,32.0,31.8,31.9
09:47:23,Neutral,0,0,800,29.88,29.82,29.7,0.5,39.173,97.9,0.0,0.0,8.2,100.0,0,IDLE,0,UP,OFF,12.6,32.1,32.0,31.8,31.9
09:47:23,Neutral,0,0,800,29.91,29.84,29.7,0.5,39.173,97.9,0.0,0.0,8.2,100.0,0,IDLE,0,UP,OFF,12.6,32.1,32.0,31.8,31.9
09:47:23,Neutral,0,0,800,29.94,29.86,29.7,0.5,39.173,97.9,0.0,0.0,8.2,100.0,0,IDLE,0,UP,OFF,12.6,32.1,32.0,31.8,31.9
09:47:23,Neutral,0,0,800,29.97,29.88,29.7,0.5,39.173,97.9,0.0,0.0,8.2,100.0,0,IDLE,0,UP,OFF,12.6,32.1,32.0,31.8,31.9
09:47:23,Neutral,0,0,800,30.0,29.9,29.7,0.5,39.173,97.9,0.0,0.0,8.2,100.0,0,IDLE,0,UP,OFF,12.59,32.1,32.0,31.8,31.9
09:47:23,Neutral,0,0,800,30.03,29.92,29.7,0.5,39.173,97.9,0.0,0.0,8.2,100.0,0,IDLE,0,UP,OFF,12.59,32.1,32.0,31.8,31.9
09:47:23,Neutral,0,0,800,30.06,29.94,29.7,0.5,39.173,97.9,0.0,0.0,8.2,100.0,0,IDLE,0,UP,OFF,12.59,32.1,32.0,31.8,31.9
09:47:24,Neutral,0,0,800,30.09,29.96,29.7,0.5,39.173,97.9,0.0,0.0,8.2,100.0,0,IDLE,0,UP,OFF,12.59,32.1,32.0,31.8,31.9
09:47:24,Neutral,0,0,800,30.12,29.98,29.7,0.5,39.173,97.9,0.0,0.0,8.2,100.0,0,IDLE,0,UP,OFF,12.59,32.1,32.0,31.8,31.9
09:47:24,Neutral,0,0,800,30.15,30.0,29.7,0.5,39.173,97.9,0.0,0.0,8.2,100.0,0,IDLE,0,UP,OFF,12.59,32.1,32.0,31.8,31.9
09:47:24,Neutral,0,0,800,30.18,30.02,29.7,0.5,39.173,97.9,0.0,0.0,8.2,100.0,0,IDLE,0,UP,OFF,12.59,32.1,32.0,31.8,31.9
09:47:24,Neutral,0,0,800,30.21,30.04,29.7,0.5,39.173,97.9,0.0,0.0,8.2,100.0,0,IDLE,0,UP,OFF,12.59,32.1,32.0,31.8,31.9
09:47:24,Neutral,0,0,800,30.23,30.06,29.7,0.5,39.173,97.9,0.0,0.0,8.2,100.0,0,IDLE,0,UP,OFF,12.59,32.1,32.0,31.8,31.9
09:47:24,Neutral,0,0,800,30.26,30.08,29.7,0.5,39.173,97.9,0.0,0.0,8.2,100.0,0,IDLE,0,UP,OFF,12.59,32.1,32.0,31.8,31.9
09:47:25,Neutral,0,0,800,30.29,30.1,29.7,0.5,39.172,97.9,0.0,0.0,8.2,100.0,0,IDLE,0,UP,OFF,12.59,32.1,32.0,31.8,31.9
09:47:25,Neutral,0,0,1200,30.32,30.13,29.7,0.55,39.172,97.9,0.0,0.0,12.3,100.0,0,IDLE,0,UP,OFF,12.59,32.1,32.0,31.8,31.9
09:47:25,Neutral,0,0,1600,30.35,30.15,29.7,0.74,39.172,97.9,0.0,0.0,16.4,100.0,0,IDLE,0,UP,OFF,12.59,32.1,32.0,31.8,31.9
09:47:25,Neutral,0,0,2000,30.38,30.17,29.7,0.92,39.172,97.9,0.0,0.0,20.5,81.2,0,IDLE,0,UP,OFF,12.59,32.1,32.0,31.8,31.9
09:47:25,Neutral,0,0,2400,30.41,30.19,29.7,1.11,39.172,97.9,0.0,0.0,24.6,67.7,0,IDLE,0,UP,OFF,12.59,32.1,32.0,31.8,31.9
09:47:25,Neutral,0,0,2800,30.56,30.21,29.7,1.29,39.172,97.9,0.0,0.0,28.7,58.0,0,CLUTCH_OUT,0,DOWN,OFF,12.59,32.1,32.0,31.8,31.9
09:47:25,Neutral,0,0,3200,30.71,30.23,29.7,1.48,39.172,97.9,0.0,0.0,32.8,50.8,0,CLUTCH_OUT,0,DOWN,OFF,12.6,32.1,32.0,31.8,31.9
09:47:25,Neutral,0,0,3600,30.86,30.25,29.7,1.66,39.172,97.9,0.0,0.0,36.9,45.1,0,CLUTCH_OUT,0,DOWN,OFF,12.6,32.1,32.0,31.8,31.9
09:47:26,Neutral,0,0,4000,31.01,30.27,29.7,1.85,39.172,97.9,0.0,0.0,41.0,40.6,0,CLUTCH_OUT,0,DOWN,OFF,12.6,32.1,32.0,31.8,31.9
09:47:26,Neutral,0,0,4400,31.16,30.29,29.7,2.03,39.171,97.9,0.0,0.0,45.1,36.9,0,CLUTCH_OUT,0,DOWN,OFF,12.6,32.1,32.0,31.8,31.9
09:47:26,2nd Gear,2,0,4800,31.3,30.32,29.7,2.22,39.171,97.9,0.0,0.0,49.2,33.9,0,CLUTCH_OUT,0,DOWN,OFF,12.6,32.1,32.0,31.8,31.9
09:47:26,2nd Gear,2,0,5200,31.45,30.34,29.7,2.4,39.171,97.9,0.0,0.0,53.3,31.2,0,CLUTCH_OUT,0,DOWN,OFF,12.6,32.1,32.0,31.8,31.9
09:47:26,2nd Gear,2,0,5600,31.6,30.36,29.7,2.58,39.171,97.9,0.0,0.0,57.4,29.0,0,CLUTCH_OUT,0,DOWN,OFF,12.6,32.1,32.0,31.8,31.9
09:47:26,2nd Gear,2,0,6000,31.75,30.38,29.7,2.77,39.17,97.9,0.0,0.0,61.5,27.1,0,CLUTCH_OUT,0,DOWN,OFF,12.6,32.1,32.0,31.8,31.9
09:47:26,2nd Gear,2,0,6400,31.9,30.41,29.7,2.95,39.17,97.9,0.0,0.0,65.6,25.4,1,CLUTCH_OUT,0,DOWN,OFF,12.6,32.1,32.0,31.8,31.9
09:47:27,2nd Gear,2,0,6500,32.04,30.43,29.7,3.0,39.17,97.9,0.0,0.0,66.7,25.0,1,CLUTCH_OUT,0,DOWN,OFF,12.6,32.1,32.0,31.8,31.9
09:47:27,2nd Gear,2,0,6500,32.19,30.45,29.7,3.0,39.169,97.9,0.0,0.0,66.7,25.0,1,CLUTCH_OUT,0,DOWN,OFF,12.61,32.1,32.0,31.8,31.9
09:47:27,2nd Gear,2,0,6500,32.34,30.48,29.7,3.0,39.169,97.9,0.0,0.0,66.7,25.0,1,CLUTCH_OUT,0,DOWN,OFF,12.61,32.1,32.0,31.8,31.9
09:47:27,2nd Gear,2,0,6500,32.49,30.5,29.7,3.0,39.169,97.9,0.0,0.0,66.7,25.0,1,CLUTCH_OUT,0,DOWN,OFF,12.61,32.1,32.0,31.8,31.9
09:47:27,3rd Gear,3,0,6500,32.63,30.52,29.7,3.0,39.169,97.9,0.0,0.0,66.7,25.0,1,CLUTCH_OUT,0,DOWN,OFF,12.61,32.1,32.0,31.8,31.9
09:47:27,3rd Gear,3,0,6500,32.78,30.55,29.7,3.0,39.168,97.9,0.0,0.0,66.7,25.0,1,CLUTCH_OUT,0,DOWN,OFF,12.61,32.1,32.0,31.8,31.9
09:47:27,3rd Gear,3,0,6500,32.93,30.57,29.7,3.0,39.168,97.9,0.0,0.0,66.7,25.0,1,CLUTCH_OUT,0,DOWN,OFF,12.61,32.1,32.0,31.8,31.9
09:47:27,3rd Gear,3,0,6500,33.07,30.6,29.7,3.0,39.168,97.9,0.0,0.0,66.7,25.0,1,CLUTCH_OUT,0,DOWN,OFF,12.61,32.1,32.0,31.8,31.9
09:47:28,3rd Gear,3,0,6500,33.22,30.62,29.7,3.0,39.167,97.9,0.0,0.0,66.7,25.0,1,CLUTCH_OUT,0,DOWN,OFF,12.61,32.1,32.0,31.8,31.9
09:47:28,3rd Gear,3,0,6500,33.37,30.65,29.7,3.0,39.167,97.9,0.0,0.0,66.7,25.0,1,CLUTCH_OUT,0,DOWN,OFF,12.61,32.1,32.0,31.8,31.9
09:47:28,3rd Gear,3,2,1082,33.46,30.68,29.7,1.03,39.167,97.9,0.0001,20.25,34.3,100.0,0,ACCELERATING,1,UP,OFF,12.61,32.1,32.0,31.8,31.9
09:47:28,3rd Gear,3,4,1163,33.57,30.7,29.7,1.14,39.167,97.9,0.0002,19.95,35.3,100.0,0,ACCELERATING,0,UP,OFF,12.62,32.1,32.0,31.8,31.9
09:47:28,3rd Gear,3,5,1243,33.67,30.73,29.7,1.25,39.167,97.9,0.0003,19.65,36.3,100.0,0,ACCELERATING,0,UP,OFF,12.62,32.1,32.0,31.8,31.9
09:47:28,3rd Gear,3,7,1322,33.78,30.75,29.7,1.36,39.167,97.9,0.0006,19.35,37.2,100.0,0,ACCELERATING,0,UP,OFF,12.62,32.1,32.0,31.8,31.9
09:47:28,3rd Gear,3,9,1400,33.89,30.78,29.7,1.48,39.166,97.9,0.0008,19.06,38.2,100.0,0,ACCELERATING,0,UP,OFF,12.62,32.1,32.0,31.8,31.9
09:47:29,3rd Gear,3,11,1476,34.0,30.81,29.7,1.6,39.166,97.9,0.0012,18.78,39.1,100.0,0,ACCELERATING,0,UP,OFF,12.62,32.1,32.0,31.8,31.9
09:47:29,3rd Gear,3,11,1484,34.03,30.83,29.7,0.0,39.166,97.9,0.0015,2.0,39.2,0.0,0,COASTING,0,UP,OFF,12.62,32.1,32.0,31.8,31.9
09:47:29,3rd Gear,3,12,1493,34.05,30.86,29.7,0.0,39.166,97.9,0.0018,2.0,39.3,0.0,0,COASTING,0,UP,OFF,12.62,32.1,32.0,31.8,31.9
09:47:29,3rd Gear,3,12,1501,34.08,30.88,29.7,0.0,39.166,97.9,0.0022,2.0,39.4,0.0,0,COASTING,0,UP,OFF,12.62,32.1,32.0,31.8,31.9
09:47:29,3rd Gear,3,12,1509,34.11,30.91,29.7,0.0,39.166,97.9,0.0025,2.0,39.5,0.0,0,COASTING,0,UP,OFF,12.62,32.1,32.0,31.8,31.9
09:47:29,3rd Gear,3,12,1517,34.13,30.94,29.7,0.0,39.166,97.9,0.0029,2.0,39.6,0.0,0,COASTING,0,UP,OFF,12.62,32.1,32.0,31.8,31.9
09:47:29,3rd Gear,3,12,1525,34.16,30.96,29.7,0.0,39.166,97.9,0.0032,2.0,39.7,0.0,0,COASTING,0,UP,OFF,12.63,32.1,32.0,31.8,31.9
09:47:29,3rd Gear,3,13,1533,34.18,30.99,29.7,0.0,39.166,97.9,0.0036,2.0,39.8,0.0,0,COASTING,0,UP,OFF,12.63,32.1,32.0,31.8,31.9
09:47:30,3rd Gear,3,13,1541,34.21,31.02,29.7,0.0,39.166,97.9,0.004,2.0,39.9,0.0,0,COASTING,0,UP,OFF,12.63,32.1,32.0,31.8,31.9
09:47:30,3rd Gear,3,13,1550,34.23,31.04,29.7,0.0,39.166,97.9,0.0043,2.0,40.0,0.0,0,COASTING,0,UP,OFF,12.63,32.1,32.0,31.8,31.9
09:47:30,3rd Gear,3,13,1558,34.26,31.07,29.7,0.0,39.166,97.9,0.0047,2.0,40.1,0.0,0,COASTING,0,UP,OFF,12.63,32.1,32.0,31.8,31.9
09:47:30,3rd Gear,3,13,1566,34.28,31.1,29.7,0.0,39.166,97.9,0.0051,2.0,40.2,0.0,0,COASTING,0,UP,OFF,12.63,32.1,32.0,31.8,31.9
09:47:30,3rd Gear,3,14,1574,34.31,31.12,29.7,0.0,39.166,97.9,0.0055,2.0,40.3,0.0,0,COASTING,0,UP,OFF,12.63,32.1,32.0,31.8,31.9
09:47:30,3rd Gear,3,14,1582,34.33,31.15,29.7,0.0,39.166,97.9,0.0059,2.0,40.4,0.0,0,COASTING,0,UP,OFF,12.63,32.1,32.0,31.8,31.9
09:47:30,3rd Gear,3,14,1590,34.36,31.18,29.7,0.0,39.166,97.9,0.0063,2.0,40.5,0.0,0,COASTING,0,UP,OFF,12.63,32.1,32.0,31.8,31.9
09:47:31,3rd Gear,3,14,1599,34.39,31.2,29.7,0.0,39.166,97.9,0.0067,2.0,40.6,0.0,0,COASTING,0,UP,OFF,12.63,32.1,32.0,31.8,31.9
09:47:31,3rd Gear,3,14,1607,34.41,31.23,29.7,0.0,39.166,97.9,0.0071,2.0,40.7,0.0,0,COASTING,0,UP,OFF,12.64,32.1,32.0,31.8,31.9
09:47:31,3rd Gear,3,16,1680,34.53,31.26,29.7,1.94,39.166,97.9,0.0076,18.01,41.6,100.0,0,ACCELERATING,0,UP,OFF,12.64,32.1,32.0,31.8,31.9
09:47:31,3rd Gear,3,18,1752,34.65,31.28,29.7,2.06,39.166,97.9,0.0081,17.74,42.5,100.0,0,ACCELERATING,0,UP,OFF,12.64,32.1,32.0,31.8,31.9
09:47:31,3rd Gear,3,20,1824,34.78,31.31,29.7,2.19,39.166,97.9,0.0086,17.48,43.3,100.0,0,ACCELERATING,0,UP,OFF,12.64,32.1,32.0,31.8,31.9
09:47:31,3rd Gear,3,20,1832,34.8,31.34,29.7,0.0,39.166,97.9,0.0092,2.0,43.4,0.0,0,COASTING,0,UP,OFF,12.64,32.1,32.0,31.8,31.9
09:47:31,3rd Gear,3,22,1902,34.93,31.36,29.7,2.33,39.165,97.9,0.0098,17.19,44.3,100.0,0,ACCELERATING,0,UP,OFF,12.64,32.1,32.0,31.8,31.9
09:47:31,3rd Gear,3,23,1971,35.06,31.39,29.7,2.46,39.165,97.9,0.0105,16.93,45.1,100.0,0,ACCELERATING,0,UP,OFF,12.64,32.1,32.0,31.8,31.9
09:47:32,3rd Gear,3,25,2039,35.19,31.42,29.7,2.59,39.165,97.9,0.0112,16.67,45.9,100.0,0,ACCELERATING,0,UP,OFF,12.64,32.1,32.0,31.8,31.9
09:47:32,3rd Gear,3,27,2106,35.33,31.45,29.7,2.73,39.165,97.9,0.012,16.42,46.7,100.0,0,ACCELERATING,0,UP,OFF,12.64,32.1,32.0,31.8,31.9
09:47:32,3rd Gear,3,28,2171,35.46,31.47,29.7,2.86,39.164,97.9,0.0128,16.18,47.5,100.0,0,ACCELERATING,0,UP,OFF,12.64,32.1,32.0,31.8,31.9
09:47:32,3rd Gear,3,30,2236,35.6,31.5,29.7,2.99,39.164,97.9,0.0136,15.94,48.3,100.0,0,ACCELERATING,0,UP,OFF,12.65,32.1,32.0,31.8,31.9
09:47:32,3rd Gear,3,31,2300,35.74,31.53,29.7,3.13,39.164,97.9,0.0145,15.7,49.1,100.0,0,ACCELERATING,0,UP,OFF,12.65,32.1,32.0,31.8,31.9
09:47:32,3rd Gear,3,33,2363,35.89,31.56,29.7,3.26,39.163,97.9,0.0154,15.46,49.9,100.0,0,ACCELERATING,0,UP,OFF,12.65,32.1,32.0,31.8,31.9
09:47:32,3rd Gear,3,34,2425,36.03,31.59,29.7,3.4,39.163,97.9,0.0164,15.23,50.6,100.0,0,ACCELERATING,0,UP,OFF,12.65,32.1,32.0,31.8,31.9
09:47:32,3rd Gear,3,36,2486,36.18,31.62,29.7,3.54,39.163,97.9,0.0174,15.0,51.4,100.0,0,ACCELERATING,0,UP,OFF,12.65,32.1,32.0,31.8,31.9
09:47:33,3rd Gear,3,37,2547,36.33,31.65,29.7,3.67,39.162,97.9,0.0185,14.78,52.1,100.0,0,ACCELERATING,0,UP,OFF,12.65,32.1,32.0,31.8,31.9
09:47:33,3rd Gear,3,39,2606,36.48,31.68,29.7,3.81,39.162,97.9,0.0196,14.55,52.8,100.0,0,ACCELERATING,0,UP,OFF,12.65,32.1,32.0,31.8,31.9
09:47:33,3rd Gear,3,40,2664,36.64,31.71,29.7,3.95,39.162,97.9,0.0207,14.34,53.5,100.0,0,ACCELERATING,0,UP,OFF,12.65,32.1,32.0,31.8,31.9
09:47:33,3rd Gear,3,40,2653,36.66,31.74,29.7,0.0,39.162,97.9,0.0218,-2.79,53.4,0.0,0,ENGINE_BRAKING,0,UP,OFF,12.65,32.1,32.0,31.8,31.9
09:47:33,3rd Gear,3,40,2642,36.68,31.77,29.7,0.0,39.162,97.9,0.0229,-2.78,53.2,0.0,0,ENGINE_BRAKING,0,UP,OFF,12.65,32.1,32.0,31.8,31.9
09:47:33,3rd Gear,3,40,2630,36.7,31.8,29.7,0.0,39.162,97.9,0.024,-2.77,53.1,0.0,0,ENGINE_BRAKING,0,UP,OFF,12.66,32.1,32.0,31.8,31.9
09:47:33,3rd Gear,3,41,2688,36.86,31.83,29.7,4.01,39.161,97.9,0.0252,14.25,53.8,100.0,0,ACCELERATING,0,UP,OFF,12.66,32.1,32.0,31.8,31.9
09:47:34,3rd Gear,3,42,2746,37.02,31.86,29.7,4.14,39.161,97.9,0.0264,14.03,54.5,100.0,0,ACCELERATING,0,UP,OFF,12.66,32.1,32.0,31.8,31.9
09:47:34,3rd Gear,3,44,2802,37.17,31.89,29.7,4.28,39.16,97.9,0.0276,13.82,55.2,100.0,0,ACCELERATING,0,UP,OFF,12.66,32.1,32.0,31.8,31.9
09:47:34,3rd Gear,3,45,2857,37.33,31.92,29.7,4.42,39.16,97.9,0.0289,13.61,55.9,100.0,0,ACCELERATING,0,UP,OFF,12.66,32.1,32.0,31.8,31.9
09:47:34,3rd Gear,3,46,2912,37.49,31.95,29.7,4.56,39.159,97.9,0.0302,13.41,56.5,100.0,0,ACCELERATING,0,UP,OFF,12.66,32.1,32.0,31.8,31.9
09:47:34,3rd Gear,3,48,2966,37.66,31.98,29.7,4.7,39.159,97.9,0.0315,13.21,57.2,100.0,0,ACCELERATING,0,UP,OFF,12.66,32.1,32.0,31.8,31.9
09:47:34,3rd Gear,3,49,3019,37.82,32.01,29.7,4.83,39.158,97.9,0.0329,13.01,57.8,100.0,0,ACCELERATING,0,UP,OFF,12.66,32.1,32.0,31.8,31.9
09:47:34,3rd Gear,3,50,3071,37.99,32.04,29.7,4.97,39.158,97.9,0.0343,12.82,58.4,100.0,0,ACCELERATING,0,UP,OFF,12.66,32.1,32.0,31.8,31.9
09:47:34,3rd Gear,3,52,3122,38.16,32.08,29.7,5.11,39.157,97.9,0.0358,12.62,59.1,100.0,0,ACCELERATING,0,UP,OFF,12.66,32.1,32.0,31.8,31.9
09:47:35,3rd Gear,3,53,3173,38.33,32.11,29.7,5.24,39.157,97.9,0.0372,12.43,59.7,100.0,0,ACCELERATING,0,UP,OFF,12.67,32.1,32.0,31.8,31.9
09:47:35,3rd Gear,3,54,3223,38.5,32.14,29.7,5.38,39.156,97.9,0.0388,12.25,60.3,100.0,0,ACCELERATING,0,UP,OFF,12.67,32.1,32.0,31.8,31.9
09:47:35,3rd Gear,3,54,3209,38.52,32.17,29.7,0.0,39.156,97.9,0.0403,-3.48,60.1,0.0,0,ENGINE_BRAKING,0,UP,OFF,12.67,32.1,32.0,31.8,31.9
09:47:35,3rd Gear,3,53,3195,38.54,32.21,29.7,0.0,39.156,97.9,0.0418,-3.46,59.9,0.0,0,ENGINE_BRAKING,0,UP,OFF,12.67,32.1,32.0,31.8,31.9
09:47:35,3rd Gear,3,53,3181,38.57,32.24,29.7,0.0,39.156,97.9,0.0433,-3.44,59.8,0.0,0,ENGINE_BRAKING,0,UP,OFF,12.67,32.1,32.0,31.8,31.9
09:47:35,3rd Gear,3,53,3167,38.59,32.27,29.7,0.0,39.156,97.9,0.0447,-3.43,59.6,0.0,0,ENGINE_BRAKING,0,UP,OFF,12.67,32.1,32.0,31.8,31.9
09:47:35,3rd Gear,3,52,3153,38.61,32.31,29.7,0.0,39.156,97.9,0.0462,-3.41,59.4,0.0,0,ENGINE_BRAKING,0,UP,OFF,12.67,32.1,32.0,31.8,31.9
09:47:36,3rd Gear,3,52,3139,38.63,32.34,29.7,0.0,39.156,97.9,0.0477,-3.39,59.3,0.0,0,ENGINE_BRAKING,0,UP,OFF,12.67,32.1,32.0,31.8,31.9
09:47:36,3rd Gear,3,52,3125,38.65,32.37,29.7,0.0,39.156,97.9,0.0491,-3.38,59.1,0.0,0,ENGINE_BRAKING,0,UP,OFF,12.67,32.1,32.0,31.8,31.9
09:47:36,3rd Gear,3,51,3112,38.67,32.4,29.7,0.0,39.156,97.9,0.0505,-3.36,58.9,0.0,0,ENGINE_BRAKING,0,UP,OFF,12.67,32.1,32.0,31.8,31.9
09:47:36,3rd Gear,3,51,3098,38.69,32.44,29.7,0.0,39.156,97.9,0.052,-3.34,58.8,0.0,0,ENGINE_BRAKING,0,UP,OFF,12.68,32.1,32.0,31.8,31.9
09:47:36,3rd Gear,3,52,3149,38.86,32.47,29.7,5.18,39.156,97.9,0.0534,12.52,59.4,100.0,0,ACCELERATING,0,UP,OFF,12.68,32.1,32.0,31.8,31.9
09:47:36,3rd Gear,3,53,3199,39.03,32.5,29.7,5.32,39.155,97.9,0.0549,12.34,60.0,100.0,0,ACCELERATING,0,UP,OFF,12.68,32.1,32.0,31.8,31.9
09:47:36,3rd Gear,3,55,3249,39.2,32.54,29.7,5.45,39.155,97.9,0.0565,12.15,60.6,100.0,0,ACCELERATING,0,UP,OFF,12.68,32.1,32.0,31.8,31.9
09:47:36,3rd Gear,3,56,3298,39.38,32.57,29.7,5.59,39.154,97.9,0.058,11.97,61.2,100.0,0,ACCELERATING,0,UP,OFF,12.68,32.1,32.0,31.8,31.9
09:47:37,3rd Gear,3,57,3346,39.55,32.6,29.7,5.72,39.154,97.9,0.0596,11.79,61.8,100.0,0,ACCELERATING,0,UP,OFF,12.68,32.1,32.0,31.8,31.9
09:47:37,3rd Gear,3,58,3393,39.73,32.64,29.7,5.86,39.153,97.9,0.0613,11.61,62.3,100.0,0,ACCELERATING,0,UP,OFF,12.68,32.1,32.0,31.8,31.9
09:47:37,3rd Gear,3,59,3439,39.91,32.67,29.7,5.99,39.152,97.9,0.0629,11.44,62.9,100.0,0,ACCELERATING,0,UP,OFF,12.68,32.1,32.0,31.8,31.9
09:47:37,3rd Gear,3,61,3485,40.09,32.71,29.7,6.13,39.152,97.9,0.0646,11.27,63.5,100.0,0,ACCELERATING,0,UP,OFF,12.68,32.1,32.0,31.8,31.9
09:47:37,3rd Gear,3,62,3531,40.27,32.74,29.7,6.26,39.151,97.9,0.0664,11.1,64.0,100.0,0,ACCELERATING,0,UP,OFF,12.68,32.1,32.0,31.8,31.9
09:47:37,3rd Gear,3,63,3575,40.45,32.78,29.7,6.39,39.151,97.9,0.0681,10.93,64.6,100.0,0,ACCELERATING,0,UP,OFF,12.69,32.1,32.0,31.8,31.9
09:47:37,3rd Gear,3,64,3619,40.64,32.81,29.7,6.52,39.15,97.9,0.0699,10.77,65.1,100.0,0,ACCELERATING,0,UP,OFF,12.69,32.1,32.0,31.8,31.9
09:47:38,3rd Gear,3,65,3662,40.82,32.85,29.7,6.65,39.149,97.9,0.0717,10.61,65.6,100.0,0,ACCELERATING,0,UP,OFF,12.69,32.1,32.0,31.8,31.9
09:47:38,3rd Gear,3,66,3705,41.01,32.89,29.7,6.78,39.149,97.9,0.0736,10.45,66.1,100.0,0,ACCELERATING,0,UP,OFF,12.69,32.1,32.0,31.8,31.9
09:47:38,3rd Gear,3,67,3747,41.2,32.92,29.7,6.91,39.148,97.9,0.0754,10.29,66.6,100.0,0,ACCELERATING,0,UP,OFF,12.69,32.1,32.0,31.8,31.9
09:47:38,3rd Gear,3,68,3788,41.39,32.96,29.7,7.04,39.147,97.9,0.0773,10.14,67.1,100.0,0,ACCELERATING,0,UP,OFF,12.69,32.1,32.0,31.8,31.9
09:47:38,3rd Gear,3,69,3829,41.58,33.0,29.7,7.17,39.146,97.9,0.0793,9.98,67.6,100.0,0,ACCELERATING,0,UP,OFF,12.69,32.1,32.0,31.8,31.9
09:47:38,3rd Gear,3,70,3869,41.77,33.03,29.7,7.3,39.146,97.9,0.0812,9.83,68.1,100.0,0,ACCELERATING,0,UP,OFF,12.69,32.1,32.0,31.8,31.9
09:47:38,3rd Gear,3,71,3908,41.96,33.07,29.7,7.42,39.145,97.9,0.0832,9.69,68.6,100.0,0,ACCELERATING,0,UP,OFF,12.69,32.1,32.0,31.8,31.9
09:47:39,3rd Gear,3,72,3947,42.16,33.11,29.7,7.55,39.144,97.9,0.0852,9.54,69.1,100.0,0,ACCELERATING,0,UP,OFF,12.69,32.1,32.0,31.8,31.9
09:47:39,3rd Gear,3,73,3985,42.36,33.15,29.7,7.67,39.144,97.9,0.0872,9.4,69.5,100.0,0,ACCELERATING,0,UP,OFF,12.7,32.1,32.0,31.8,31.9
09:47:39,3rd Gear,3,74,4023,42.55,33.19,29.7,7.8,39.143,97.9,0.0893,9.26,70.0,100.0,0,ACCELERATING,0,UP,OFF,12.7,32.1,32.0,31.8,31.9
09:47:39,3rd Gear,3,75,4060,42.75,33.23,29.7,7.92,39.142,97.9,0.0914,9.12,70.4,100.0,0,ACCELERATING,0,UP,OFF,12.7,32.1,32.0,31.8,31.9
09:47:39,3rd Gear,3,76,4097,42.95,33.27,29.7,8.04,39.141,97.9,0.0935,8.98,70.9,100.0,0,ACCELERATING,0,UP,OFF,12.7,32.1,32.0,31.8,31.9
09:47:39,3rd Gear,3,76,4133,43.15,33.31,29.7,8.16,39.14,97.9,0.0956,8.85,71.3,100.0,0,ACCELERATING,0,UP,OFF,12.7,32.1,32.0,31.8,31.9
09:47:39,3rd Gear,3,77,4168,43.35,33.35,29.7,8.28,39.139,97.8,0.0978,8.71,71.7,100.0,0,ACCELERATING,0,UP,OFF,12.7,32.1,32.0,31.8,31.9
09:47:40,3rd Gear,3,77,4149,43.37,33.39,29.7,0.0,39.139,97.8,0.1,-4.64,71.5,0.0,0,ENGINE_BRAKING,0,UP,OFF,12.7,32.1,32.0,31.8,31.9
09:47:40,3rd Gear,3,76,4131,43.38,33.43,29.7,0.0,39.139,97.8,0.1021,-4.62,71.3,0.0,0,ENGINE_BRAKING,0,UP,OFF,12.7,32.1,32.0,31.8,31.9
09:47:40,3rd Gear,3,76,4112,43.4,33.47,29.7,0.0,39.139,97.8,0.1042,-4.59,71.1,0.0,0,ENGINE_BRAKING,0,UP,OFF,12.7,32.1,32.0,31.8,31.9
09:47:40,3rd Gear,3,75,4093,43.42,33.51,29.7,0.0,39.139,97.8,0.1063,-4.57,70.8,0.0,0,ENGINE_BRAKING,0,UP,OFF,12.7,32.1,32.0,31.8,31.9
09:47:40,3rd Gear,3,75,4075,43.43,33.55,29.7,0.0,39.139,97.8,0.1084,-4.55,70.6,0.0,0,ENGINE_BRAKING,0,UP,OFF,12.71,32.1,32.0,31.8,31.9
09:47:41,3rd Gear,3,75,4056,43.45,33.58,29.7,0.0,39.139,97.8,0.1105,-4.52,70.4,0.0,0,ENGINE_BRAKING,0,UP,OFF,12.71,32.1,32.0,31.8,31.9
09:47:41,3rd Gear,3,74,4038,43.47,33.62,29.7,0.0,39.139,97.8,0.1126,-4.5,70.2,0.0,0,ENGINE_BRAKING,0,UP,OFF,12.71,32.1,32.0,31.8,31.9
09:47:41,3rd Gear,3,74,4020,43.48,33.66,29.7,0.0,39.139,97.8,0.1146,-4.48,69.9,0.0,0,ENGINE_BRAKING,0,UP,OFF,12.71,32.1,32.0,31.8,31.9
09:47:41,3rd Gear,3,73,4002,43.5,33.7,29.7,0.0,39.139,97.8,0.1167,-4.46,69.7,0.0,0,ENGINE_BRAKING,0,UP,OFF,12.71,32.1,32.0,31.8,31.9
09:47:41,3rd Gear,3,73,3983,43.51,33.74,29.7,0.0,39.139,97.8,0.1187,-4.43,69.5,0.0,0,ENGINE_BRAKING,0,UP,OFF,12.71,32.1,32.0,31.8,31.9
09:47:41,3rd Gear,3,72,3966,43.53,33.78,29.7,0.0,39.139,97.8,0.1207,-4.41,69.3,0.0,0,ENGINE_BRAKING,0,UP,OFF,12.71,32.1,32.0,31.8,31.9
09:47:41,3rd Gear,3,72,3948,43.55,33.82,29.7,0.0,39.139,97.8,0.1227,-4.39,69.1,0.0,0,ENGINE_BRAKING,0,UP,OFF,12.71,32.1,32.0,31.8,31.9
09:47:41,3rd Gear,3,71,3930,43.56,33.86,29.7,0.0,39.139,97.8,0.1247,-4.37,68.9,0.0,0,ENGINE_BRAKING,0,UP,OFF,12.71,32.1,32.0,31.8,31.9
09:47:42,3rd Gear,3,71,3912,43.58,33.9,29.7,0.0,39.139,97.8,0.1267,-4.35,68.6,0.0,0,ENGINE_BRAKING,0,UP,OFF,12.71,32.1,32.0,31.8,31.9
09:47:42,3rd Gear,3,71,3895,43.59,33.94,29.7,0.0,39.139,97.8,0.1287,-4.32,68.4,0.0,0,ENGINE_BRAKING,0,UP,OFF,12.72,32.1,32.0,31.8,31.9
09:47:42,3rd Gear,3,70,3877,43.61,33.98,29.7,0.0,39.139,97.8,0.1307,-4.3,68.2,0.0,0,ENGINE_BRAKING,0,UP,OFF,12.72,32.1,32.0,31.8,31.9
09:47:42,3rd Gear,3,70,3860,43.63,34.02,29.7,0.0,39.139,97.8,0.1326,-4.28,68.0,0.0,0,ENGINE_BRAKING,0,UP,OFF,12.72,32.1,32.0,31.8,31.9
09:47:42,3rd Gear,3,69,3842,43.64,34.06,29.7,0.0,39.139,97.8,0.1346,-4.26,67.8,0.0,0,ENGINE_BRAKING,0,UP,OFF,12.72,32.1,32.0,31.8,31.9
09:47:42,3rd Gear,3,69,3825,43.66,34.1,29.7,0.0,39.139,97.8,0.1365,-4.24,67.6,0.0,0,ENGINE_BRAKING,0,UP,OFF,12.72,32.1,32.0,31.8,31.9
09:47:43,3rd Gear,3,68,3808,43.68,34.14,29.7,0.0,39.139,97.8,0.1384,-4.22,67.4,0.0,0,ENGINE_BRAKING,0,UP,OFF,12.72,32.1,32.0,31.8,31.9
09:47:43,3rd Gear,3,68,3791,43.69,34.18,29.7,0.0,39.139,97.8,0.1403,-4.2,67.2,0.0,0,ENGINE_BRAKING,0,UP,OFF,12.72,32.1,32.0,31.8,31.9
09:47:43,3rd Gear,3,68,3774,43.71,34.22,29.7,0.0,39.139,97.8,0.1422,-4.18,67.0,0.0,0,ENGINE_BRAKING,0,UP,OFF,12.72,32.1,32.0,31.8,31.9
09:47:43,3rd Gear,3,67,3757,43.72,34.25,29.7,0.0,39.139,97.8,0.1441,-4.15,66.8,0.0,0,ENGINE_BRAKING,0,UP,OFF,12.72,32.1,32.0,31.8,31.9
09:47:43,3rd Gear,3,67,3740,43.74,34.29,29.7,0.0,39.139,97.8,0.1459,-4.13,66.5,0.0,0,ENGINE_BRAKING,0,UP,OFF,12.72,32.1,32.0,31.8,31.9
09:47:43,3rd Gear,3,66,3723,43.75,34.33,29.7,0.0,39.139,97.8,0.1478,-4.11,66.3,0.0,0,ENGINE_BRAKING,0,UP,OFF,12.73,32.1,32.0,31.8,31.9
09:47:44,3rd Gear,3,66,3706,43.77,34.37,29.7,0.0,39.139,97.8,0.1496,-4.09,66.1,0.0,0,ENGINE_BRAKING,0,UP,OFF,12.73,32.1,32.0,31.8,31.9
09:47:44,3rd Gear,3,66,3690,43.79,34.41,29.7,0.0,39.139,97.8,0.1515,-4.07,65.9,0.0,0,ENGINE_BRAKING,0,UP,OFF,12.73,32.1,32.0,31.8,31.9
09:47:44,3rd Gear,3,65,3673,43.8,34.45,29.7,0.0,39.139,97.8,0.1533,-4.05,65.7,0.0,0,ENGINE_BRAKING,0,UP,OFF,12.73,32.1,32.0,31.8,31.9
09:47:44,3rd Gear,3,65,3657,43.82,34.49,29.7,0.0,39.139,97.8,0.1551,-4.03,65.5,0.0,0,ENGINE_BRAKING,0,UP,OFF,12.73,32.1,32.0,31.8,31.9
09:47:44,3rd Gear,3,64,3641,43.83,34.53,29.7,0.0,39.139,97.8,0.1569,-4.01,65.3,0.0,0,ENGINE_BRAKING,0,UP,OFF,12.73,32.1,32.0,31.8,31.9
09:47:44,3rd Gear,3,64,3624,43.85,34.57,29.7,0.0,39.139,97.8,0.1587,-3.99,65.1,0.0,0,ENGINE_BRAKING,0,UP,OFF,12.73,32.1,32.0,31.8,31.9
09:47:44,3rd Gear,3,64,3608,43.87,34.6,29.7,0.0,39.139,97.8,0.1605,-3.97,65.0,0.0,0,ENGINE_BRAKING,0,UP,OFF,12.73,32.1,32.0,31.8,31.9
09:47:44,3rd Gear,3,63,3592,43.88,34.64,29.7,0.0,39.139,97.8,0.1622,-3.95,64.8,0.0,0,ENGINE_BRAKING,0,UP,OFF,12.73,32.1,32.0,31.8,31.9
09:47:45,3rd Gear,3,63,3576,43.9,34.68,29.7,0.0,39.139,97.8,0.164,-3.93,64.6,0.0,0,ENGINE_BRAKING,0,UP,OFF,12.73,32.1,32.0,31.8,31.9
09:47:45,3rd Gear,3,62,3560,43.91,34.72,29.7,0.0,39.139,97.8,0.1657,-3.91,64.4,0.0,0,ENGINE_BRAKING,0,UP,OFF,12.74,32.1,32.0,31.8,31.9
09:47:45,3rd Gear,3,62,3544,43.93,34.76,29.7,0.0,39.139,97.8,0.1675,-3.89,64.2,0.0,0,ENGINE_BRAKING,0,UP,OFF,12.74,32.1,32.0,31.8,31.9
09:47:45,3rd Gear,3,62,3528,43.94,34.8,29.7,0.0,39.139,97.8,0.1692,-3.87,64.0,0.0,0,ENGINE_BRAKING,0,UP,OFF,12.74,32.1,32.0,31.8,31.9
09:47:45,3rd Gear,3,61,3513,43.96,34.83,29.7,0.0,39.139,97.8,0.1709,-3.85,63.8,0.0,0,ENGINE_BRAKING,0,UP,OFF,12.74,32.1,32.0,31.8,31.9
09:47:45,3rd Gear,3,61,3497,43.98,34.87,29.7,0.0,39.139,97.8,0.1726,-3.83,63.6,0.0,0,ENGINE_BRAKING,0,UP,OFF,12.74,32.1,32.0,31.8,31.9
09:47:45,3rd Gear,3,60,3482,43.99,34.91,29.7,0.0,39.139,97.8,0.1743,-3.82,63.4,0.0,0,ENGINE_BRAKING,0,UP,OFF,12.74,32.1,32.0,31.8,31.9
09:47:46,3rd Gear,3,60,3466,44.01,34.95,29.7,0.0,39.139,97.8,0.176,-3.8,63.2,0.0,0,ENGINE_BRAKING,0,UP,OFF,12.74,32.1,32.0,31.8,31.9
09:47:46,3rd Gear,3,60,3451,44.02,34.99,29.7,0.0,39.139,97.8,0.1777,-3.78,63.0,0.0,0,ENGINE_BRAKING,0,UP,OFF,12.74,32.1,32.0,31.8,31.9
09:47:46,3rd Gear,3,59,3435,44.04,35.03,29.7,0.0,39.139,97.8,0.1793,-3.76,62.9,0.0,0,ENGINE_BRAKING,0,UP,OFF,12.74,32.1,32.0,31.8,31.9
09:47:46,3rd Gear,3,59,3420,44.05,35.06,29.7,0.0,39.139,97.8,0.181,-3.74,62.7,0.0,0,ENGINE_BRAKING,0,UP,OFF,12.74,32.1,32.0,31.8,31.9
09:47:46,3rd Gear,3,59,3405,44.07,35.1,29.7,0.0,39.139,97.8,0.1826,-3.72,62.5,0.0,0,ENGINE_BRAKING,0,UP,OFF,12.75,32.1,32.0,31.8,31.9
09:47:46,3rd Gear,3,58,3390,44.09,35.14,29.7,0.0,39.139,97.8,0.1843,-3.7,62.3,0.0,0,ENGINE_BRAKING,0,UP,OFF,12.75,32.1,32.0,31.8,31.9
09:47:47,3rd Gear,3,58,3375,44.1,35.18,29.7,0.0,39.139,97.8,0.1859,-3.68,62.1,0.0,0,ENGINE_BRAKING,0,UP,OFF,12.75,32.1,32.0,31.8,31.9
09:47:47,3rd Gear,3,57,3360,44.12,35.22,29.7,0.0,39.139,97.8,0.1875,-3.67,61.9,0.0,0,ENGINE_BRAKING,0,UP,OFF,12.75,32.1,32.0,31.8,31.9
09:47:47,3rd Gear,3,57,3345,44.13,35.25,29.7,0.0,39.139,97.8,0.1891,-3.65,61.8,0.0,0,ENGINE_BRAKING,0,UP,OFF,12.75,32.1,32.0,31.8,31.9
09:47:47,3rd Gear,3,57,3330,44.15,35.29,29.7,0.0,39.139,97.8,0.1907,-3.63,61.6,0.0,0,ENGINE_BRAKING,0,UP,OFF,12.75,32.1,32.0,31.8,31.9
09:47:47,3rd Gear,3,56,3316,44.16,35.33,29.7,0.0,39.139,97.8,0.1922,-3.61,61.4,0.0,0,ENGINE_BRAKING,0,UP,OFF,12.75,32.1,32.0,31.8,31.9
09:47:47,3rd Gear,3,56,3301,44.18,35.37,29.7,0.0,39.139,97.8,0.1938,-3.59,61.2,0.0,0,ENGINE_BRAKING,0,UP,OFF,12.75,32.1,32.0,31.8,31.9
09:47:47,3rd Gear,3,56,3286,44.19,35.4,29.7,0.0,39.139,97.8,0.1954,-3.57,61.1,0.0,0,ENGINE_BRAKING,0,UP,OFF,12.75,32.1,32.0,31.8,31.9
09:47:48,3rd Gear,3,55,3272,44.21,35.44,29.7,0.0,39.139,97.8,0.1969,-3.56,60.9,0.0,0,ENGINE_BRAKING,0,UP,OFF,12.75,32.1,32.0,31.8,31.9
09:47:48,3rd Gear,3,55,3258,44.23,35.48,29.7,0.0,39.139,97.8,0.1985,-3.54,60.7,0.0,0,ENGINE_BRAKING,0,UP,OFF,12.76,32.1,32.0,31.8,31.9
09:47:48,3rd Gear,3,55,3243,44.24,35.52,29.7,0.0,39.139,97.8,0.2,-3.52,60.5,0.0,0,ENGINE_BRAKING,0,UP,OFF,12.76,32.1,32.0,31.8,31.9
09:47:48,3rd Gear,3,54,3229,44.26,35.55,29.7,0.0,39.139,97.8,0.2015,-3.5,60.4,0.0,0,ENGINE_BRAKING,0,UP,OFF,12.76,32.1,32.0,31.8,31.9
09:47:48,3rd Gear,3,54,3215,44.27,35.59,29.7,0.0,39.139,97.8,0.203,-3.49,60.2,0.0,0,ENGINE_BRAKING,0,UP,OFF,12.76,32.1,32.0,31.8,31.9
09:47:48,3rd Gear,3,54,3201,44.29,35.63,29.7,0.0,39.139,97.8,0.2045,-3.47,60.0,0.0,0,ENGINE_BRAKING,0,UP,OFF,12.76,32.1,32.0,31.8,31.9
09:47:48,3rd Gear,3,53,3187,44.3,35.67,29.7,0.0,39.139,97.8,0.206,-3.45,59.8,0.0,0,ENGINE_BRAKING,0,UP,OFF,12.76,32.1,32.0,31.8,31.9
09:47:49,3rd Gear,3,53,3173,44.32,35.7,29.7,0.0,39.139,97.8,0.2075,-3.43,59.7,0.0,0,ENGINE_BRAKING,0,UP,OFF,12.76,32.1,32.0,31.8,31.9
09:47:49,3rd Gear,3,52,3159,44.33,35.74,29.7,0.0,39.139,97.8,0.209,-3.42,59.5,0.0,0,ENGINE_BRAKING,0,UP,OFF,12.76,32.1,32.0,31.8,31.9
09:47:49,3rd Gear,3,52,3145,44.35,35.78,29.7,0.0,39.139,97.8,0.2104,-3.4,59.3,0.0,0,ENGINE_BRAKING,0,UP,OFF,12.76,32.1,32.0,31.8,31.9
09:47:49,3rd Gear,3,52,3131,44.36,35.82,29.7,0.0,39.139,97.8,0.2119,-3.38,59.2,0.0,0,ENGINE_BRAKING,0,UP,OFF,12.76,32.1,32.0,31.8,31.9
09:47:49,3rd Gear,3,51,3117,44.38,35.85,29.7,0.0,39.139,97.8,0.2133,-3.37,59.0,0.0,0,ENGINE_BRAKING,0,UP,OFF,12.77,32.1,32.0,31.8,31.9
09:47:49,3rd Gear,3,51,3104,44.39,35.89,29.7,0.0,39.139,97.8,0.2148,-3.35,58.8,0.0,0,ENGINE_BRAKING,0,UP,OFF,12.77,32.1,32.0,31.8,31.9
09:47:49,3rd Gear,3,51,3090,44.41,35.93,29.7,0.0,39.139,97.8,0.2162,-3.33,58.7,0.0,0,ENGINE_BRAKING,0,UP,OFF,12.77,32.1,32.0,31.8,31.9
09:47:49,3rd Gear,3,50,3077,44.43,35.96,29.7,0.0,39.139,97.8,0.2176,-3.32,58.5,0.0,0,ENGINE_BRAKING,0,UP,OFF,12.77,32.1,32.0,31.8,31.9
09:47:50,3rd Gear,3,50,3063,44.44,36.0,29.7,0.0,39.139,97.8,0.219,-3.3,58.3,0.0,0,ENGINE_BRAKING,0,UP,OFF,12.77,32.1,32.0,31.8,31.9
09:47:50,3rd Gear,3,50,3050,44.46,36.04,29.7,0.0,39.139,97.8,0.2204,-3.28,58.2,0.0,0,ENGINE_BRAKING,0,UP,OFF,12.77,32.1,32.0,31.8,31.9
09:47:50,3rd Gear,3,49,3036,44.47,36.07,29.7,0.0,39.139,97.8,0.2218,-3.27,58.0,0.0,0,ENGINE_BRAKING,0,UP,OFF,12.77,32.1,32.0,31.8,31.9
09:47:50,3rd Gear,3,49,3023,44.49,36.11,29.7,0.0,39.139,97.8,0.2232,-3.25,57.9,0.0,0,ENGINE_BRAKING,0,UP,OFF,12.77,32.1,32.0,31.8,31.9
09:47:50,3rd Gear,3,49,3010,44.5,36.15,29.7,0.0,39.139,97.8,0.2246,-3.23,57.7,0.0,0,ENGINE_BRAKING,0,UP,OFF,12.77,32.1,32.0,31.8,31.9
09:47:50,3rd Gear,3,49,2997,44.52,36.18,29.7,0.0,39.139,97.8,0.2259,-3.22,57.5,0.0,0,ENGINE_BRAKING,0,UP,OFF,12.77,32.1,32.0,31.8,31.9
09:47:50,3rd Gear,3,48,2984,44.53,36.22,29.7,0.0,39.139,97.8,0.2273,-3.2,57.4,0.0,0,ENGINE_BRAKING,0,UP,OFF,12.78,32.1,32.0,31.8,31.9
09:47:50,3rd Gear,3,48,2971,44.55,36.26,29.7,0.0,39.139,97.8,0.2286,-3.19,57.2,0.0,0,ENGINE_BRAKING,0,UP,OFF,12.78,32.1,32.0,31.8,31.9
09:47:51,3rd Gear,3,48,2958,44.56,36.29,29.7,0.0,39.139,97.8,0.2299,-3.17,57.1,0.0,0,ENGINE_BRAKING,0,UP,OFF,12.78,32.1,32.0,31.8,31.9
09:47:51,3rd Gear,3,47,2945,44.58,36.33,29.7,0.0,39.139,97.8,0.2313,-3.15,56.9,0.0,0,ENGINE_BRAKING,0,UP,OFF,12.78,32.1,32.0,31.8,31.9
09:47:51,3rd Gear,3,47,2932,44.59,36.37,29.7,0.0,39.139,97.8,0.2326,-3.14,56.8,0.0,0,ENGINE_BRAKING,0,UP,OFF,12.78,32.1,32.0,31.8,31.9
09:47:51,3rd Gear,3,47,2920,44.61,36.4,29.7,0.0,39.139,97.8,0.2339,-3.12,56.6,0.0,0,ENGINE_BRAKING,0,UP,OFF,12.78,32.1,32.0,31.8,31.9
09:47:51,3rd Gear,3,46,2907,44.62,36.44,29.7,0.0,39.139,97.8,0.2352,-3.11,56.5,0.0,0,ENGINE_BRAKING,0,UP,OFF,12.78,32.1,32.0,31.8,31.9
09:47:51,3rd Gear,3,46,2894,44.64,36.48,29.7,0.0,39.139,97.8,0.2365,-3.09,56.3,0.0,0,ENGINE_BRAKING,0,UP,OFF,12.78,32.1,32.0,31.8,31.9
09:47:51,3rd Gear,3,46,2882,44.65,36.51,29.7,0.0,39.139,97.8,0.2378,-3.08,56.1,0.0,0,ENGINE_BRAKING,0,UP,OFF,12.78,32.1,32.0,31.8,31.9
09:47:52,3rd Gear,3,45,2869,44.67,36.55,29.7,0.0,39.139,97.8,0.239,-3.06,56.0,0.0,0,ENGINE_BRAKING,0,UP,OFF,12.78,32.1,32.0,31.8,31.9
09:47:52,3rd Gear,3,45,2857,44.68,36.59,29.7,0.0,39.139,97.8,0.2403,-3.04,55.8,0.0,0,ENGINE_BRAKING,0,UP,OFF,12.79,32.1,32.0,31.8,31.9
09:47:52,3rd Gear,3,45,2845,44.7,36.62,29.7,0.0,39.139,97.8,0.2416,-3.03,55.7,0.0,0,ENGINE_BRAKING,0,UP,OFF,12.79,32.1,32.0,31.8,31.9
09:47:52,3rd Gear,3,44,2832,44.71,36.66,29.7,0.0,39.139,97.8,0.2428,-3.01,55.5,0.0,0,ENGINE_BRAKING,0,UP,OFF,12.79,32.1,32.0,31.8,31.9
09:47:52,3rd Gear,3,44,2820,44.73,36.69,29.7,0.0,39.139,97.8,0.2441,-3.0,55.4,0.0,0,ENGINE_BRAKING,0,UP,OFF,12.79,32.1,32.0,31.8,31.9
09:47:52,3rd Gear,3,44,2808,44.74,36.73,29.7,0.0,39.139,97.8,0.2453,-2.98,55.3,0.0,0,ENGINE_BRAKING,0,UP,OFF,12.79,32.1,32.0,31.8,31.9
09:47:52,3rd Gear,3,44,2796,44.76,36.77,29.7,0.0,39.139,97.8,0.2465,-2.97,55.1,0.0,0,ENGINE_BRAKING,0,UP,OFF,12.79,32.1,32.0,31.8,31.9
09:47:53,3rd Gear,3,43,2784,44.77,36.8,29.7,0.0,39.139,97.8,0.2477,-2.95,55.0,0.0,0,ENGINE_BRAKING,0,UP,OFF,12.79,32.1,32.0,31.8,31.9
09:47:53,3rd Gear,3,43,2772,44.79,36.84,29.7,0.0,39.139,97.8,0.2489,-2.94,54.8,0.0,0,ENGINE_BRAKING,0,UP,OFF,12.79,32.1,32.0,31.8,31.9
09:47:53,3rd Gear,3,43,2760,44.8,36.87,29.7,0.0,39.139,97.8,0.2501,-2.93,54.7,0.0,0,ENGINE_BRAKING,0,UP,OFF,12.79,32.1,32.0,31.8,31.9
09:47:53,3rd Gear,3,42,2748,44.82,36.91,29.7,0.0,39.139,97.8,0.2513,-2.91,54.5,0.0,0,ENGINE_BRAKING,0,UP,OFF,12.79,32.1,32.0,31.8,31.9
09:47:53,3rd Gear,3,42,2736,44.83,36.95,29.7,0.0,39.139,97.8,0.2525,-2.9,54.4,0.0,0,ENGINE_BRAKING,0,UP,OFF,12.8,32.1,32.0,31.8,31.9
09:47:53,3rd Gear,3,42,2725,44.85,36.98,29.7,0.0,39.139,97.8,0.2537,-2.88,54.2,0.0,0,ENGINE_BRAKING,0,UP,OFF,12.8,32.1,32.0,31.8,31.9
09:47:53,3rd Gear,3,42,2713,44.86,37.02,29.7,0.0,39.139,97.8,0.2549,-2.87,54.1,0.0,0,ENGINE_BRAKING,0,UP,OFF,12.8,32.1,32.0,31.8,31.9
09:47:53,3rd Gear,3,41,2701,44.88,37.05,29.7,0.0,39.139,97.8,0.256,-2.85,54.0,0.0,0,ENGINE_BRAKING,0,UP,OFF,12.8,32.1,32.0,31.8,31.9
09:47:54,3rd Gear,3,41,2690,44.89,37.09,29.7,0.0,39.139,97.8,0.2572,-2.84,53.8,0.0,0,ENGINE_BRAKING,0,UP,OFF,12.8,32.1,32.0,31.8,31.9
09:47:54,3rd Gear,3,41,2678,44.91,37.12,29.7,0.0,39.139,97.8,0.2583,-2.82,53.7,0.0,0,ENGINE_BRAKING,0,UP,OFF,12.8,32.1,32.0,31.8,31.9
09:47:54,3rd Gear,3,40,2667,44.92,37.16,29.7,0.0,39.139,97.8,0.2595,-2.81,53.5,0.0,0,ENGINE_BRAKING,0,UP,OFF,12.8,32.1,32.0,31.8,31.9
09:47:54,3rd Gear,3,40,2655,44.93,37.2,29.7,0.0,39.139,97.8,0.2606,-2.8,53.4,0.0,0,ENGINE_BRAKING,0,UP,OFF,12.8,32.1,32.0,31.8,31.9
09:47:54,3rd Gear,3,40,2644,44.95,37.23,29.7,0.0,39.139,97.8,0.2617,-2.78,53.3,0.0,0,ENGINE_BRAKING,0,UP,OFF,12.8,32.1,32.0,31.8,31.9
09:47:54,3rd Gear,3,40,2633,44.96,37.27,29.7,0.0,39.139,97.8,0.2628,-2.77,53.1,0.0,0,ENGINE_BRAKING,0,UP,OFF,12.8,32.1,32.0,31.8,31.9
09:47:54,3rd Gear,3,39,2621,44.98,37.3,29.7,0.0,39.139,97.8,0.2639,-2.75,53.0,0.0,0,ENGINE_BRAKING,0,UP,OFF,12.81,32.1,32.0,31.8,31.9
09:47:55,3rd Gear,3,39,2610,44.99,37.34,29.7,0.0,39.139,97.8,0.265,-2.74,52.9,0.0,0,ENGINE_BRAKING,0,UP,OFF,12.81,32.1,32.0,31.8,31.9
09:47:55,3rd Gear,3,39,2599,45.01,37.37,29.7,0.0,39.139,97.8,0.2661,-2.73,52.7,0.0,0,ENGINE_BRAKING,0,UP,OFF,12.81,32.1,32.0,31.8,31.9
09:47:55,3rd Gear,3,38,2588,45.02,37.41,29.7,0.0,39.139,97.8,0.2672,-2.71,52.6,0.0,0,ENGINE_BRAKING,0,UP,OFF,12.81,32.1,32.0,31.8,31.9
09:47:55,3rd Gear,3,38,2577,45.04,37.44,29.7,0.0,39.139,97.8,0.2683,-2.7,52.5,0.0,0,ENGINE_BRAKING,0,UP,OFF,12.81,32.1,32.0,31.8,31.9
09:47:55,3rd Gear,3,38,2566,45.05,37.48,29.7,0.0,39.139,97.8,0.2693,-2.69,52.3,0.0,0,ENGINE_BRAKING,0,UP,OFF,12.81,32.1,32.0,31.8,31.9
09:47:55,3rd Gear,3,38,2555,45.07,37.51,29.7,0.0,39.139,97.8,0.2704,-2.67,52.2,0.0,0,ENGINE_BRAKING,0,UP,OFF,12.81,32.1,32.0,31.8,31.9
09:47:55,3rd Gear,3,37,2544,45.08,37.55,29.7,0.0,39.139,97.8,0.2715,-2.66,52.1,0.0,0,ENGINE_BRAKING,0,UP,OFF,12.81,32.1,32.0,31.8,31.9
09:47:56,3rd Gear,3,37,2534,45.1,37.58,29.7,0.0,39.139,97.8,0.2725,-2.65,51.9,0.0,0,ENGINE_BRAKING,0,UP,OFF,12.81,32.1,32.0,31.8,31.9
09:47:56,3rd Gear,3,37,2523,45.11,37.62,29.7,0.0,39.139,97.8,0.2735,-2.63,51.8,0.0,0,ENGINE_BRAKING,0,UP,OFF,12.81,32.1,32.0,31.8,31.9
09:47:56,3rd Gear,3,37,2512,45.13,37.65,29.7,0.0,39.139,97.8,0.2746,-2.62,51.7,0.0,0,ENGINE_BRAKING,0,UP,OFF,12.82,32.1,32.0,31.8,31.9
09:47:56,3rd Gear,3,36,2502,45.14,37.69,29.7,0.0,39.139,97.8,0.2756,-2.61,51.5,0.0,0,ENGINE_BRAKING,0,UP,OFF,12.82,32.1,32.0,31.8,31.9
09:47:56,3rd Gear,3,36,2491,45.15,37.72,29.7,0.0,39.139,97.8,0.2766,-2.59,51.4,0.0,0,ENGINE_BRAKING,0,UP,OFF,12.82,32.1,32.0,31.8,31.9
09:47:56,3rd Gear,3,36,2481,45.17,37.76,29.7,0.0,39.139,97.8,0.2776,-2.58,51.3,0.0,0,ENGINE_BRAKING,0,UP,OFF,12.82,32.1,32.0,31.8,31.9
09:47:56,3rd Gear,3,36,2470,45.18,37.79,29.7,0.0,39.139,97.8,0.2786,-2.57,51.2,0.0,0,ENGINE_BRAKING,0,UP,OFF,12.82,32.1,32.0,31.8,31.9
09:47:57,3rd Gear,3,35,2460,45.2,37.83,29.7,0.0,39.139,97.8,0.2796,-2.55,51.0,0.0,0,ENGINE_BRAKING,0,UP,OFF,12.82,32.1,32.0,31.8,31.9
09:47:57,3rd Gear,3,35,2449,45.21,37.86,29.7,0.0,39.139,97.8,0.2806,-2.54,50.9,0.0,0,ENGINE_BRAKING,0,UP,OFF,12.82,32.1,32.0,31.8,31.9
09:47:57,3rd Gear,3,35,2439,45.23,37.9,29.7,0.0,39.139,97.8,0.2816,-2.53,50.8,0.0,0,ENGINE_BRAKING,0,UP,OFF,12.82,32.1,32.0,31.8,31.9
09:47:57,3rd Gear,3,35,2429,45.24,37.93,29.7,0.0,39.139,97.8,0.2826,-2.52,50.7,0.0,0,ENGINE_BRAKING,0,UP,OFF,12.82,32.1,32.0,31.8,31.9
09:47:57,3rd Gear,3,34,2419,45.26,37.97,29.7,0.0,39.139,97.8,0.2835,-2.5,50.5,0.0,0,ENGINE_BRAKING,0,UP,OFF,12.82,32.1,32.0,31.8,31.9
09:47:57,3rd Gear,3,34,2408,45.27,38.0,29.7,0.0,39.139,97.8,0.2845,-2.49,50.4,0.0,0,ENGINE_BRAKING,0,UP,OFF,12.83,32.1,32.0,31.8,31.9
09:47:58,3rd Gear,3,34,2398,45.28,38.04,29.7,0.0,39.139,97.8,0.2855,-2.48,50.3,0.0,0,ENGINE_BRAKING,0,UP,OFF,12.83,32.1,32.0,31.8,31.9
09:47:58,3rd Gear,3,34,2388,45.3,38.07,29.7,0.0,39.139,97.8,0.2864,-2.47,50.2,0.0,0,ENGINE_BRAKING,0,UP,OFF,12.83,32.1,32.0,31.8,31.9
09:47:58,3rd Gear,3,33,2378,45.31,38.11,29.7,0.0,39.139,97.8,0.2873,-2.45,50.0,0.0,0,ENGINE_BRAKING,0,UP,OFF,12.83,32.1,32.0,31.8,31.9
09:47:58,3rd Gear,3,33,2368,45.33,38.14,29.7,0.0,39.139,97.8,0.2883,-2.44,49.9,0.0,0,ENGINE_BRAKING,0,UP,OFF,12.83,32.1,32.0,31.8,31.9
09:47:58,3rd Gear,3,33,2358,45.34,38.17,29.7,0.0,39.139,97.8,0.2892,-2.43,49.8,0.0,0,ENGINE_BRAKING,0,UP,OFF,12.83,32.1,32.0,31.8,31.9
09:47:58,3rd Gear,3,33,2349,45.36,38.21,29.7,0.0,39.139,97.8,0.2901,-2.42,49.7,0.0,0,ENGINE_BRAKING,0,UP,OFF,12.83,32.1,32.0,31.8,31.9
09:47:58,3rd Gear,3,32,2339,45.37,38.24,29.7,0.0,39.139,97.8,0.291,-2.41,49.6,0.0,0,ENGINE_BRAKING,0,UP,OFF,12.83,32.1,32.0,31.8,31.9
09:47:59,3rd Gear,3,32,2329,45.38,38.28,29.7,0.0,39.139,97.8,0.2919,-2.39,49.4,0.0,0,ENGINE_BRAKING,0,UP,OFF,12.83,32.1,32.0,31.8,31.9
09:47:59,3rd Gear,3,32,2319,45.4,38.31,29.7,0.0,39.139,97.8,0.2928,-2.38,49.3,0.0,0,ENGINE_BRAKING,0,UP,OFF,12.83,32.1,32.0,31.8,31.9
09:47:59,3rd Gear,3,32,2310,45.41,38.35,29.7,0.0,39.139,97.8,0.2937,-2.37,49.2,0.0,0,ENGINE_BRAKING,0,UP,OFF,12.84,32.1,32.0,31.8,31.9
09:47:59,3rd Gear,3,31,2300,45.43,38.38,29.7,0.0,39.139,97.8,0.2946,-2.36,49.1,0.0,0,ENGINE_BRAKING,0,UP,OFF,12.84,32.1,32.0,31.8,31.9
09:47:59,3rd Gear,3,31,2291,45.44,38.41,29.7,0.0,39.139,97.8,0.2955,-2.35,49.0,0.0,0,ENGINE_BRAKING,0,UP,OFF,12.84,32.1,32.0,31.8,31.9
09:47:59,3rd Gear,3,31,2281,45.46,38.45,29.7,0.0,39.139,97.8,0.2964,-2.33,48.9,0.0,0,ENGINE_BRAKING,0,UP,OFF,12.84,32.1,32.0,31.8,31.9
09:47:59,3rd Gear,3,31,2272,45.47,38.48,29.7,0.0,39.139,97.8,0.2972,-2.32,48.8,0.0,0,ENGINE_BRAKING,0,UP,OFF,12.84,32.1,32.0,31.8,31.9
09:47:59,3rd Gear,3,30,2262,45.48,38.52,29.7,0.0,39.139,97.8,0.2981,-2.31,48.6,0.0,0,ENGINE_BRAKING,0,UP,OFF,12.84,32.1,32.0,31.8,31.9
09:48:00,3rd Gear,3,30,2253,45.5,38.55,29.7,0.0,39.139,97.8,0.299,-2.3,48.5,0.0,0,ENGINE_BRAKING,0,UP,OFF,12.84,32.1,32.0,31.8,31.9
09:48:00,3rd Gear,3,30,2243,45.51,38.58,29.7,0.0,39.139,97.8,0.2998,-2.29,48.4,0.0,0,ENGINE_BRAKING,0,UP,OFF,12.84,32.1,32.0,31.8,31.9
09:48:00,3rd Gear,3,30,2234,45.53,38.62,29.7,0.0,39.139,97.8,0.3006,-2.28,48.3,0.0,0,ENGINE_BRAKING,0,UP,OFF,12.84,32.1,32.0,31.8,31.9
09:48:00,3rd Gear,3,30,2225,45.54,38.65,29.7,0.0,39.139,97.8,0.3015,-2.27,48.2,0.0,0,ENGINE_BRAKING,0,UP,OFF,12.84,32.1,32.0,31.8,31.9
09:48:00,3rd Gear,3,29,2216,45.56,38.69,29.7,0.0,39.139,97.8,0.3023,-2.25,48.1,0.0,0,ENGINE_BRAKING,0,UP,OFF,12.85,32.1,32.0,31.8,31.9
09:48:00,3rd Gear,3,29,2207,45.57,38.72,29.7,0.0,39.139,97.8,0.3031,-2.24,48.0,0.0,0,ENGINE_BRAKING,0,UP,OFF,12.85,32.1,32.0,31.8,31.9
09:48:00,3rd Gear,3,29,2198,45.58,38.75,29.7,0.0,39.139,97.8,0.304,-2.23,47.9,0.0,0,ENGINE_BRAKING,0,UP,OFF,12.85,32.1,32.0,31.8,31.9
09:48:01,3rd Gear,3,29,2188,45.6,38.79,29.7,0.0,39.139,97.8,0.3048,-2.22,47.7,0.0,0,ENGINE_BRAKING,0,UP,OFF,12.85,32.1,32.0,31.8,31.9
09:48:01,3rd Gear,3,28,2179,45.61,38.82,29.7,0.0,39.139,97.8,0.3056,-2.21,47.6,0.0,0,ENGINE_BRAKING,0,UP,OFF,12.85,32.1,32.0,31.8,31.9
09:48:01,3rd Gear,3,28,2171,45.63,38.85,29.7,0.0,39.139,97.8,0.3064,-2.2,47.5,0.0,0,ENGINE_BRAKING,0,UP,OFF,12.85,32.1,32.0,31.8,31.9
09:48:01,3rd Gear,3,28,2162,45.64,38.89,29.7,0.0,39.139,97.8,0.3072,-2.19,47.4,0.0,0,ENGINE_BRAKING,0,UP,OFF,12.85,32.1,32.0,31.8,31.9
09:48:01,3rd Gear,3,28,2153,45.65,38.92,29.7,0.0,39.139,97.8,0.3079,-2.18,47.3,0.0,0,ENGINE_BRAKING,0,UP,OFF,12.85,32.1,32.0,31.8,31.9
09:48:01,3rd Gear,3,28,2144,45.67,38.95,29.7,0.0,39.139,97.8,0.3087,-2.17,47.2,0.0,0,ENGINE_BRAKING,0,UP,OFF,12.85,32.1,32.0,31.8,31.9
09:48:01,3rd Gear,3,27,2135,45.68,38.99,29.7,0.0,39.139,97.8,0.3095,-2.15,47.1,0.0,0,ENGINE_BRAKING,0,UP,OFF,12.85,32.1,32.0,31.8,31.9
09:48:01,3rd Gear,3,27,2126,45.7,39.02,29.7,0.0,39.139,97.8,0.3103,-2.14,47.0,0.0,0,ENGINE_BRAKING,0,UP,OFF,12.86,32.1,32.0,31.8,31.9
09:48:02,3rd Gear,3,27,2118,45.71,39.05,29.7,0.0,39.139,97.8,0.311,-2.13,46.9,0.0,0,ENGINE_BRAKING,0,UP,OFF,12.86,32.1,32.0,31.8,31.9
09:48:02,3rd Gear,3,27,2109,45.72,39.09,29.7,0.0,39.139,97.8,0.3118,-2.12,46.8,0.0,0,ENGINE_BRAKING,0,UP,OFF,12.86,32.1,32.0,31.8,31.9
09:48:02,3rd Gear,3,27,2100,45.74,39.12,29.7,0.0,39.139,97.8,0.3125,-2.11,46.7,0.0,0,ENGINE_BRAKING,0,UP,OFF,12.86,32.1,32.0,31.8,31.9
09:48:02,3rd Gear,3,26,2092,45.75,39.15,29.7,0.0,39.139,97.8,0.3133,-2.1,46.6,0.0,0,ENGINE_BRAKING,0,UP,OFF,12.86,32.1,32.0,31.8,31.9
09:48:02,3rd Gear,3,26,2083,45.77,39.19,29.7,0.0,39.139,97.8,0.314,-2.09,46.5,0.0,0,ENGINE_BRAKING,0,UP,OFF,12.86,32.1,32.0,31.8,31.9
09:48:02,3rd Gear,3,26,2075,45.78,39.22,29.7,0.0,39.139,97.8,0.3148,-2.08,46.4,0.0,0,ENGINE_BRAKING,0,UP,OFF,12.86,32.1,32.0,31.8,31.9
09:48:02,3rd Gear,3,26,2066,45.79,39.25,29.7,0.0,39.139,97.8,0.3155,-2.07,46.3,0.0,0,ENGINE_BRAKING,0,UP,OFF,12.86,32.1,32.0,31.8,31.9
09:48:03,3rd Gear,3,25,2058,45.81,39.29,29.7,0.0,39.139,97.8,0.3162,-2.06,46.2,0.0,0,ENGINE_BRAKING,0,UP,OFF,12.86,32.1,32.0,31.8,31.9
09:48:03,3rd Gear,3,25,2050,45.82,39.32,29.7,0.0,39.139,97.8,0.3169,-2.05,46.1,0.0,0,ENGINE_BRAKING,0,UP,OFF,12.86,32.1,32.0,31.8,31.9
09:48:03,3rd Gear,3,25,2041,45.84,39.35,29.7,0.0,39.139,97.8,0.3176,-2.04,46.0,0.0,0,ENGINE_BRAKING,0,UP,OFF,12.87,32.1,32.0,31.8,31.9
09:48:03,3rd Gear,3,25,2033,45.85,39.39,29.7,0.0,39.139,97.8,0.3183,-2.03,45.9,0.0,0,ENGINE_BRAKING,0,UP,OFF,12.87,32.1,32.0,31.8,31.9
09:48:03,3rd Gear,3,25,2025,45.86,39.42,29.7,0.0,39.139,97.8,0.319,-2.02,45.8,0.0,0,ENGINE_BRAKING,0,UP,OFF,12.87,32.1,32.0,31.8,31.9
09:48:03,3rd Gear,3,25,2018,45.88,39.45,29.7,0.0,39.139,97.8,0.3197,-1.7,45.7,0.0,0,IDLE_CREEP,0,UP,OFF,12.87,32.1,32.0,31.8,31.9
09:48:03,3rd Gear,3,25,2018,45.89,39.49,29.7,0.0,39.139,97.8,0.3204,0.0,45.7,0.0,0,IDLE_CREEP,0,UP,OFF,12.87,32.1,32.0,31.8,31.9
09:48:04,3rd Gear,3,25,2018,45.9,39.52,29.7,0.0,39.139,97.8,0.3211,0.0,45.7,0.0,0,IDLE_CREEP,0,UP,OFF,12.87,32.1,32.0,31.8,31.9
09:48:04,3rd Gear,3,25,2018,45.92,39.55,29.7,0.0,39.139,97.8,0.3218,0.0,45.7,0.0,0,IDLE_CREEP,0,UP,OFF,12.87,32.1,32.0,31.8,31.9
09:48:04,3rd Gear,3,25,2018,45.93,39.58,29.7,0.0,39.139,97.8,0.3225,0.0,45.7,0.0,0,IDLE_CREEP,0,UP,OFF,12.87,32.1,32.0,31.8,31.9
09:48:04,3rd Gear,3,25,2018,45.95,39.62,29.7,0.0,39.139,97.8,0.3232,0.0,45.7,0.0,0,IDLE_CREEP,0,UP,OFF,12.87,32.1,32.0,31.8,31.9
09:48:04,3rd Gear,3,25,2018,45.96,39.65,29.7,0.0,39.139,97.8,0.3239,0.0,45.7,0.0,0,IDLE_CREEP,0,UP,OFF,12.87,32.1,32.0,31.8,31.9
09:48:04,3rd Gear,3,25,2018,45.97,39.68,29.7,0.0,39.139,97.8,0.3246,0.0,45.7,0.0,0,IDLE_CREEP,0,UP,OFF,12.88,32.1,32.0,31.8,31.9
09:48:05,3rd Gear,3,25,2018,45.99,39.71,29.7,0.0,39.139,97.8,0.3253,0.0,45.7,0.0,0,IDLE_CREEP,0,UP,OFF,12.88,32.1,32.0,31.8,31.9
09:48:05,3rd Gear,3,25,2018,46.0,39.75,29.7,0.0,39.139,97.8,0.326,0.0,45.7,0.0,0,IDLE_CREEP,0,UP,OFF,12.88,32.1,32.0,31.8,31.9
09:48:05,3rd Gear,3,25,2018,46.01,39.78,29.7,0.0,39.139,97.8,0.3267,0.0,45.7,0.0,0,IDLE_CREEP,0,UP,OFF,12.88,32.1,32.0,31.8,31.9
09:48:05,3rd Gear,3,25,2018,46.03,39.81,29.7,0.0,39.139,97.8,0.3274,0.0,45.7,0.0,0,IDLE_CREEP,0,UP,OFF,12.88,32.1,32.0,31.8,31.9
09:48:05,3rd Gear,3,25,2018,46.04,39.84,29.7,0.0,39.139,97.8,0.3281,0.0,45.7,0.0,0,IDLE_CREEP,0,UP,OFF,12.88,32.1,32.0,31.8,31.9
09:48:05,3rd Gear,3,25,2018,46.05,39.88,29.7,0.0,39.139,97.8,0.3288,0.0,45.7,0.0,0,IDLE_CREEP,0,UP,OFF,12.88,32.1,32.0,31.8,31.9
09:48:05,3rd Gear,3,25,2018,46.07,39.91,29.7,0.0,39.139,97.8,0.3295,0.0,45.7,0.0,0,IDLE_CREEP,0,UP,OFF,12.88,32.1,32.0,31.8,31.9
09:48:06,3rd Gear,3,25,2018,46.08,39.94,29.7,0.0,39.139,97.8,0.3301,0.0,45.7,0.0,0,IDLE_CREEP,0,UP,OFF,12.88,32.1,32.0,31.8,31.9
09:48:06,3rd Gear,3,25,2018,46.1,39.97,29.7,0.0,39.139,97.8,0.3308,0.0,45.7,0.0,0,IDLE_CREEP,0,UP,OFF,12.88,32.1,32.0,31.8,31.9
09:48:06,3rd Gear,3,25,2018,46.11,40.01,29.7,0.0,39.139,97.8,0.3315,0.0,45.7,0.0,0,IDLE_CREEP,0,UP,OFF,12.89,32.1,32.0,31.8,31.9
09:48:06,3rd Gear,3,25,2018,46.12,40.04,29.7,0.0,39.139,97.8,0.3322,0.0,45.7,0.0,0,IDLE_CREEP,0,UP,OFF,12.89,32.1,32.0,31.8,31.9
09:48:06,3rd Gear,3,25,2018,46.14,40.07,29.7,0.0,39.139,97.8,0.3329,0.0,45.7,0.0,0,IDLE_CREEP,0,UP,OFF,12.89,32.1,32.0,31.8,31.9
09:48:06,3rd Gear,3,25,2018,46.15,40.1,29.7,0.0,39.139,97.8,0.3336,0.0,45.7,0.0,0,IDLE_CREEP,0,UP,OFF,12.89,32.1,32.0,31.8,31.9
09:48:06,3rd Gear,3,25,2018,46.16,40.13,29.7,0.0,39.139,97.8,0.3343,0.0,45.7,0.0,0,IDLE_CREEP,0,UP,OFF,12.89,32.1,32.0,31.8,31.9
09:48:07,3rd Gear,3,25,2018,46.18,40.17,29.7,0.0,39.139,97.8,0.335,0.0,45.7,0.0,0,IDLE_CREEP,0,UP,OFF,12.89,32.1,32.0,31.8,31.9
09:48:07,3rd Gear,3,25,2018,46.19,40.2,29.7,0.0,39.139,97.8,0.3357,0.0,45.7,0.0,0,IDLE_CREEP,0,UP,OFF,12.89,32.1,32.0,31.8,31.9
09:48:07,3rd Gear,3,25,2018,46.2,40.23,29.7,0.0,39.139,97.8,0.3364,0.0,45.7,0.0,0,IDLE_CREEP,0,UP,OFF,12.89,32.1,32.0,31.8,31.9
09:48:07,3rd Gear,3,25,2018,46.22,40.26,29.7,0.0,39.139,97.8,0.3371,0.0,45.7,0.0,0,IDLE_CREEP,0,UP,OFF,12.89,32.1,32.0,31.8,31.9
09:48:07,3rd Gear,3,25,2018,46.23,40.29,29.7,0.0,39.139,97.8,0.3378,0.0,45.7,0.0,0,IDLE_CREEP,0,UP,OFF,12.89,32.1,32.0,31.8,31.9
09:48:07,3rd Gear,3,25,2018,46.24,40.33,29.7,0.0,39.139,97.8,0.3385,0.0,45.7,0.0,0,IDLE_CREEP,0,UP,OFF,12.9,32.1,32.0,31.8,31.9
09:48:07,3rd Gear,3,25,2018,46.26,40.36,29.7,0.0,39.139,97.8,0.3392,0.0,45.7,0.0,0,IDLE_CREEP,0,UP,OFF,12.9,32.1,32.0,31.8,31.9
09:48:07,3rd Gear,3,25,2018,46.27,40.39,29.7,0.0,39.139,97.8,0.3399,0.0,45.7,0.0,0,IDLE_CREEP,0,UP,OFF,12.9,32.1,32.0,31.8,31.9
09:48:08,3rd Gear,3,25,2018,46.28,40.42,29.7,0.0,39.139,97.8,0.3406,0.0,45.7,0.0,0,IDLE_CREEP,0,UP,OFF,12.9,32.1,32.0,31.8,31.9
09:48:08,3rd Gear,3,25,2018,46.3,40.45,29.7,0.0,39.139,97.8,0.3413,0.0,45.7,0.0,0,IDLE_CREEP,0,UP,OFF,12.9,32.1,32.0,31.8,31.9
09:48:08,3rd Gear,3,25,2018,46.31,40.49,29.7,0.0,39.139,97.8,0.342,0.0,45.7,0.0,0,IDLE_CREEP,0,UP,OFF,12.9,32.1,32.0,31.8,31.9
09:48:08,3rd Gear,3,25,2018,46.32,40.52,29.7,0.0,39.139,97.8,0.3426,0.0,45.7,0.0,0,IDLE_CREEP,0,UP,OFF,12.9,32.1,32.0,31.8,31.9
09:48:08,3rd Gear,3,25,2018,46.34,40.55,29.7,0.0,39.139,97.8,0.3433,0.0,45.7,0.0,0,IDLE_CREEP,0,UP,OFF,12.9,32.1,32.0,31.8,31.9
09:48:08,3rd Gear,3,25,2018,46.35,40.58,29.7,0.0,39.139,97.8,0.344,0.0,45.7,0.0,0,IDLE_CREEP,0,UP,OFF,12.9,32.1,32.0,31.8,31.9
09:48:08,3rd Gear,3,25,2018,46.36,40.61,29.7,0.0,39.139,97.8,0.3447,0.0,45.7,0.0,0,IDLE_CREEP,0,UP,OFF,12.9,32.1,32.0,31.8,31.9
09:48:09,3rd Gear,3,25,2018,46.38,40.64,29.7,0.0,39.139,97.8,0.3454,0.0,45.7,0.0,0,IDLE_CREEP,0,UP,OFF,12.91,32.1,32.0,31.8,31.9
09:48:09,3rd Gear,3,25,2018,46.39,40.68,29.7,0.0,39.139,97.8,0.3461,0.0,45.7,0.0,0,IDLE_CREEP,0,UP,OFF,12.91,32.1,32.0,31.8,31.9
09:48:09,3rd Gear,3,25,2018,46.4,40.71,29.7,0.0,39.139,97.8,0.3468,0.0,45.7,0.0,0,IDLE_CREEP,0,UP,OFF,12.91,32.1,32.0,31.8,31.9
09:48:09,3rd Gear,3,25,2018,46.42,40.74,29.7,0.0,39.139,97.8,0.3475,0.0,45.7,0.0,0,IDLE_CREEP,0,UP,OFF,12.91,32.1,32.0,31.8,31.9
09:48:09,3rd Gear,3,25,2018,46.43,40.77,29.7,0.0,39.139,97.8,0.3482,0.0,45.7,0.0,0,IDLE_CREEP,0,UP,OFF,12.91,32.1,32.0,31.8,31.9
09:48:09,3rd Gear,3,25,2018,46.44,40.8,29.7,0.0,39.139,97.8,0.3489,0.0,45.7,0.0,0,IDLE_CREEP,0,UP,OFF,12.91,32.1,32.0,31.8,31.9
09:48:09,3rd Gear,3,25,2018,46.46,40.83,29.7,0.0,39.139,97.8,0.3496,0.0,45.7,0.0,0,IDLE_CREEP,0,UP,OFF,12.91,32.1,32.0,31.8,31.9
09:48:10,3rd Gear,3,25,2018,46.47,40.86,29.7,0.0,39.139,97.8,0.3503,0.0,45.7,0.0,0,IDLE_CREEP,0,UP,OFF,12.91,32.1,32.0,31.8,31.9
09:48:10,3rd Gear,3,25,2018,46.48,40.89,29.7,0.0,39.139,97.8,0.351,0.0,45.7,0.0,0,IDLE_CREEP,0,UP,OFF,12.91,32.1,32.0,31.8,31.9
09:48:10,3rd Gear,3,25,2018,46.5,40.93,29.7,0.0,39.139,97.8,0.3517,0.0,45.7,0.0,0,IDLE_CREEP,0,UP,OFF,12.91,32.1,32.0,31.8,31.9
09:48:10,3rd Gear,3,25,2018,46.51,40.96,29.7,0.0,39.139,97.8,0.3524,0.0,45.7,0.0,0,IDLE_CREEP,0,UP,OFF,12.92,32.1,32.0,31.8,31.9
09:48:10,3rd Gear,3,25,2018,46.52,40.99,29.7,0.0,39.139,97.8,0.3531,0.0,45.7,0.0,0,IDLE_CREEP,0,UP,OFF,12.92,32.1,32.0,31.8,31.9
09:48:10,3rd Gear,3,25,2018,46.54,41.02,29.7,0.0,39.139,97.8,0.3538,0.0,45.7,0.0,0,IDLE_CREEP,0,UP,OFF,12.92,32.1,32.0,31.8,31.9
09:48:10,3rd Gear,3,25,2018,46.55,41.05,29.7,0.0,39.139,97.8,0.3545,0.0,45.7,0.0,0,IDLE_CREEP,0,UP,OFF,12.92,32.1,32.0,31.8,31.9
09:48:11,3rd Gear,3,25,2018,46.56,41.08,29.7,0.0,39.139,97.8,0.3551,0.0,45.7,0.0,0,IDLE_CREEP,0,UP,OFF,12.92,32.1,32.0,31.8,31.9
09:48:11,3rd Gear,3,25,2018,46.58,41.11,29.7,0.0,39.139,97.8,0.3558,0.0,45.7,0.0,0,IDLE_CREEP,0,UP,OFF,12.92,32.1,32.0,31.8,31.9
09:48:11,3rd Gear,3,25,2018,46.59,41.14,29.7,0.0,39.139,97.8,0.3565,0.0,45.7,0.0,0,IDLE_CREEP,0,UP,OFF,12.92,32.1,32.0,31.8,31.9
09:48:11,3rd Gear,3,25,2018,46.6,41.17,29.7,0.0,39.139,97.8,0.3572,0.0,45.7,0.0,0,IDLE_CREEP,0,UP,OFF,12.92,32.1,32.0,31.8,31.9
09:48:11,3rd Gear,3,25,2018,46.62,41.21,29.7,0.0,39.139,97.8,0.3579,0.0,45.7,0.0,0,IDLE_CREEP,0,UP,OFF,12.92,32.1,32.0,31.8,31.9
09:48:11,3rd Gear,3,25,2018,46.63,41.24,29.7,0.0,39.139,97.8,0.3586,0.0,45.7,0.0,0,IDLE_CREEP,0,UP,OFF,12.92,32.1,32.0,31.8,31.9
09:48:12,3rd Gear,3,25,2018,46.64,41.27,29.7,0.0,39.139,97.8,0.3593,0.0,45.7,0.0,0,IDLE_CREEP,0,UP,OFF,12.93,32.1,32.0,31.8,31.9
09:48:12,3rd Gear,3,25,2018,46.65,41.3,29.7,0.0,39.139,97.8,0.36,0.0,45.7,0.0,0,IDLE_CREEP,0,UP,OFF,12.93,32.1,32.0,31.8,31.9
09:48:12,3rd Gear,3,25,2018,46.67,41.33,29.7,0.0,39.139,97.8,0.3607,0.0,45.7,0.0,0,IDLE_CREEP,0,UP,OFF,12.93,32.1,32.0,31.8,31.9
09:48:12,3rd Gear,3,25,2018,46.68,41.36,29.7,0.0,39.139,97.8,0.3614,0.0,45.7,0.0,0,IDLE_CREEP,0,UP,OFF,12.93,32.1,32.0,31.8,31.9
09:48:12,3rd Gear,3,25,2018,46.69,41.39,29.7,0.0,39.139,97.8,0.3621,0.0,45.7,0.0,0,IDLE_CREEP,0,UP,OFF,12.93,32.1,32.0,31.8,31.9
09:48:12,3rd Gear,3,25,2018,46.71,41.42,29.7,0.0,39.139,97.8,0.3628,0.0,45.7,0.0,0,IDLE_CREEP,0,UP,OFF,12.93,32.1,32.0,31.8,31.9
09:48:12,3rd Gear,3,25,2018,46.72,41.45,29.7,0.0,39.139,97.8,0.3635,0.0,45.7,0.0,0,IDLE_CREEP,0,UP,OFF,12.93,32.1,32.0,31.8,31.9
09:48:12,3rd Gear,3,25,2018,46.73,41.48,29.7,0.0,39.139,97.8,0.3642,0.0,45.7,0.0,0,IDLE_CREEP,0,UP,OFF,12.93,32.1,32.0,31.8,31.9
09:48:13,3rd Gear,3,25,2018,46.74,41.51,29.7,0.0,39.139,97.8,0.3649,0.0,45.7,0.0,0,IDLE_CREEP,0,UP,OFF,12.93,32.1,32.0,31.8,31.9
09:48:13,3rd Gear,3,25,2018,46.76,41.54,29.7,0.0,39.139,97.8,0.3656,0.0,45.7,0.0,0,IDLE_CREEP,0,UP,OFF,12.93,32.1,32.0,31.8,31.9
09:48:13,3rd Gear,3,25,2018,46.77,41.57,29.7,0.0,39.139,97.8,0.3663,0.0,45.7,0.0,0,IDLE_CREEP,0,UP,OFF,12.94,32.1,32.0,31.8,31.9
09:48:13,3rd Gear,3,25,2018,46.78,41.6,29.7,0.0,39.139,97.8,0.367,0.0,45.7,0.0,0,IDLE_CREEP,0,UP,OFF,12.94,32.1,32.0,31.8,31.9
09:48:13,3rd Gear,3,25,2018,46.8,41.63,29.7,0.0,39.139,97.8,0.3676,0.0,45.7,0.0,0,IDLE_CREEP,0,UP,OFF,12.94,32.1,32.0,31.8,31.9
09:48:13,3rd Gear,3,25,2018,46.81,41.66,29.7,0.0,39.139,97.8,0.3683,0.0,45.7,0.0,0,IDLE_CREEP,0,UP,OFF,12.94,32.1,32.0,31.8,31.9
09:48:13,3rd Gear,3,25,2018,46.82,41.69,29.7,0.0,39.139,97.8,0.369,0.0,45.7,0.0,0,IDLE_CREEP,0,UP,OFF,12.94,32.1,32.0,31.8,31.9
09:48:14,3rd Gear,3,25,2018,46.84,41.72,29.7,0.0,39.139,97.8,0.3697,0.0,45.7,0.0,0,IDLE_CREEP,0,UP,OFF,12.94,32.1,32.0,31.8,31.9
09:48:14,3rd Gear,3,25,2018,46.85,41.76,29.7,0.0,39.139,97.8,0.3704,0.0,45.7,0.0,0,IDLE_CREEP,0,UP,OFF,12.94,32.1,32.0,31.8,31.9
09:48:14,3rd Gear,3,25,2018,46.86,41.79,29.7,0.0,39.139,97.8,0.3711,0.0,45.7,0.0,0,IDLE_CREEP,0,UP,OFF,12.94,32.1,32.0,31.8,31.9
09:48:14,3rd Gear,3,25,2018,46.87,41.82,29.7,0.0,39.139,97.8,0.3718,0.0,45.7,0.0,0,IDLE_CREEP,0,UP,OFF,12.94,32.1,32.0,31.8,31.9
09:48:14,3rd Gear,3,25,2018,46.89,41.85,29.7,0.0,39.139,97.8,0.3725,0.0,45.7,0.0,0,IDLE_CREEP,0,UP,OFF,12.94,32.1,32.0,31.8,31.9
09:48:14,3rd Gear,3,25,2018,46.9,41.88,29.7,0.0,39.139,97.8,0.3732,0.0,45.7,0.0,0,IDLE_CREEP,0,UP,OFF,12.95,32.1,32.0,31.8,31.9
09:48:14,3rd Gear,3,25,2018,46.91,41.91,29.7,0.0,39.139,97.8,0.3739,0.0,45.7,0.0,0,IDLE_CREEP,0,UP,OFF,12.95,32.1,32.0,31.8,31.9
09:48:14,3rd Gear,3,25,2018,46.92,41.94,29.7,0.0,39.139,97.8,0.3746,0.0,45.7,0.0,0,IDLE_CREEP,0,UP,OFF,12.95,32.1,32.0,31.8,31.9
09:48:15,3rd Gear,3,25,2018,46.94,41.97,29.7,0.0,39.139,97.8,0.3753,0.0,45.7,0.0,0,IDLE_CREEP,0,UP,OFF,12.95,32.1,32.0,31.8,31.9
09:48:15,3rd Gear,3,25,2018,46.95,42.0,29.7,0.0,39.139,97.8,0.376,0.0,45.7,0.0,0,IDLE_CREEP,0,UP,OFF,12.95,32.1,32.0,31.8,31.9
09:48:15,3rd Gear,3,25,2018,46.96,42.03,29.7,0.0,39.139,97.8,0.3767,0.0,45.7,0.0,0,IDLE_CREEP,0,UP,OFF,12.95,32.1,32.0,31.8,31.9
09:48:15,3rd Gear,3,25,2018,46.98,42.06,29.7,0.0,39.139,97.8,0.3774,0.0,45.7,0.0,0,IDLE_CREEP,0,UP,OFF,12.95,32.1,32.0,31.8,31.9
09:48:15,3rd Gear,3,25,2018,46.99,42.09,29.7,0.0,39.139,97.8,0.3781,0.0,45.7,0.0,0,IDLE_CREEP,0,UP,OFF,12.95,32.1,32.0,31.8,31.9
09:48:15,3rd Gear,3,25,2018,47.0,42.12,29.7,0.0,39.139,97.8,0.3788,0.0,45.7,0.0,0,IDLE_CREEP,0,UP,OFF,12.95,32.1,32.0,31.8,31.9
09:48:15,3rd Gear,3,25,2018,47.01,42.15,29.7,0.0,39.139,97.8,0.3795,0.0,45.7,0.0,0,IDLE_CREEP,0,UP,OFF,12.95,32.1,32.0,31.8,31.9
09:48:15,3rd Gear,3,25,2018,47.03,42.17,29.7,0.0,39.139,97.8,0.3801,0.0,45.7,0.0,0,IDLE_CREEP,0,UP,OFF,12.96,32.1,32.0,31.8,31.9
09:48:16,3rd Gear,3,25,2018,47.04,42.2,29.7,0.0,39.139,97.8,0.3808,0.0,45.7,0.0,0,IDLE_CREEP,0,UP,OFF,12.96,32.1,32.0,31.8,31.9
09:48:16,3rd Gear,3,25,2018,47.05,42.23,29.7,0.0,39.139,97.8,0.3815,0.0,45.7,0.0,0,IDLE_CREEP,0,UP,OFF,12.96,32.1,32.0,31.8,31.9
09:48:16,3rd Gear,3,25,2018,47.06,42.26,29.7,0.0,39.139,97.8,0.3822,0.0,45.7,0.0,0,IDLE_CREEP,0,UP,OFF,12.96,32.1,32.0,31.8,31.9
09:48:16,3rd Gear,3,25,2018,47.08,42.29,29.7,0.0,39.139,97.8,0.3829,0.0,45.7,0.0,0,IDLE_CREEP,0,UP,OFF,12.96,32.1,32.0,31.8,31.9
09:48:16,3rd Gear,3,25,2018,47.09,42.32,29.7,0.0,39.139,97.8,0.3836,0.0,45.7,0.0,0,IDLE_CREEP,0,UP,OFF,12.96,32.1,32.0,31.8,31.9
09:48:16,3rd Gear,3,25,2018,47.1,42.35,29.7,0.0,39.139,97.8,0.3843,0.0,45.7,0.0,0,IDLE_CREEP,0,UP,OFF,12.96,32.1,32.0,31.8,31.9
09:48:16,3rd Gear,3,25,2018,47.11,42.38,29.7,0.0,39.139,97.8,0.385,0.0,45.7,0.0,0,IDLE_CREEP,0,UP,OFF,12.96,32.1,32.0,31.8,31.9
09:48:17,3rd Gear,3,25,2018,47.13,42.41,29.7,0.0,39.139,97.8,0.3857,0.0,45.7,0.0,0,IDLE_CREEP,0,UP,OFF,12.96,32.1,32.0,31.8,31.9
09:48:17,3rd Gear,3,25,2018,47.14,42.44,29.7,0.0,39.139,97.8,0.3864,0.0,45.7,0.0,0,IDLE_CREEP,0,UP,OFF,12.96,32.1,32.0,31.8,31.9
09:48:17,3rd Gear,3,25,2018,47.15,42.47,29.7,0.0,39.139,97.8,0.3871,0.0,45.7,0.0,0,IDLE_CREEP,0,UP,OFF,12.97,32.1,32.0,31.8,31.9
09:48:17,3rd Gear,3,25,2018,47.16,42.5,29.7,0.0,39.139,97.8,0.3878,0.0,45.7,0.0,0,IDLE_CREEP,0,UP,OFF,12.97,32.1,32.0,31.8,31.9
09:48:17,3rd Gear,3,25,2018,47.18,42.53,29.7,0.0,39.139,97.8,0.3885,0.0,45.7,0.0,0,IDLE_CREEP,0,UP,OFF,12.97,32.1,32.0,31.8,31.9
09:48:17,3rd Gear,3,25,2018,47.19,42.56,29.7,0.0,39.139,97.8,0.3892,0.0,45.7,0.0,0,IDLE_CREEP,0,UP,OFF,12.97,32.1,32.0,31.8,31.9
09:48:17,3rd Gear,3,25,2018,47.2,42.59,29.7,0.0,39.139,97.8,0.3899,0.0,45.7,0.0,0,IDLE_CREEP,0,UP,OFF,12.97,32.1,32.0,31.8,31.9
09:48:17,3rd Gear,3,25,2018,47.21,42.62,29.7,0.0,39.139,97.8,0.3906,0.0,45.7,0.0,0,IDLE_CREEP,0,UP,OFF,12.97,32.1,32.0,31.8,31.9
09:48:18,3rd Gear,3,25,2018,47.23,42.65,29.7,0.0,39.139,97.8,0.3913,0.0,45.7,0.0,0,IDLE_CREEP,0,UP,OFF,12.97,32.1,32.0,31.8,31.9
09:48:18,3rd Gear,3,25,2018,47.24,42.68,29.7,0.0,39.139,97.8,0.392,0.0,45.7,0.0,0,IDLE_CREEP,0,UP,OFF,12.97,32.1,32.0,31.8,31.9
09:48:18,3rd Gear,3,25,2018,47.25,42.7,29.7,0.0,39.139,97.8,0.3926,0.0,45.7,0.0,0,IDLE_CREEP,0,UP,OFF,12.97,32.1,32.0,31.8,31.9
09:48:18,3rd Gear,3,25,2018,47.26,42.73,29.7,0.0,39.139,97.8,0.3933,0.0,45.7,0.0,0,IDLE_CREEP,0,UP,OFF,12.97,32.1,32.0,31.8,31.9
09:48:18,3rd Gear,3,25,2018,47.28,42.76,29.7,0.0,39.139,97.8,0.394,0.0,45.7,0.0,0,IDLE_CREEP,0,UP,OFF,12.98,32.1,32.0,31.8,31.9
09:48:18,3rd Gear,3,25,2018,47.29,42.79,29.7,0.0,39.139,97.8,0.3947,0.0,45.7,0.0,0,IDLE_CREEP,0,UP,OFF,12.98,32.1,32.0,31.8,31.9
09:48:19,3rd Gear,3,25,2018,47.3,42.82,29.7,0.0,39.139,97.8,0.3954,0.0,45.7,0.0,0,IDLE_CREEP,0,UP,OFF,12.98,32.1,32.0,31.8,31.9
09:48:19,3rd Gear,3,25,2018,47.31,42.85,29.7,0.0,39.139,97.8,0.3961,0.0,45.7,0.0,0,IDLE_CREEP,0,UP,OFF,12.98,32.1,32.0,31.8,31.9
09:48:19,3rd Gear,3,25,2018,47.33,42.88,29.7,0.0,39.139,97.8,0.3968,0.0,45.7,0.0,0,IDLE_CREEP,0,UP,OFF,12.98,32.1,32.0,31.8,31.9
09:48:19,3rd Gear,3,25,2018,47.34,42.91,29.7,0.0,39.139,97.8,0.3975,0.0,45.7,0.0,0,IDLE_CREEP,0,UP,OFF,12.98,32.1,32.0,31.8,31.9
09:48:19,3rd Gear,3,25,2018,47.35,42.94,29.7,0.0,39.139,97.8,0.3982,0.0,45.7,0.0,0,IDLE_CREEP,0,UP,OFF,12.98,32.1,32.0,31.8,31.9
09:48:19,3rd Gear,3,25,2018,47.36,42.97,29.7,0.0,39.139,97.8,0.3989,0.0,45.7,0.0,0,IDLE_CREEP,0,UP,OFF,12.98,32.1,32.0,31.8,31.9
09:48:19,3rd Gear,3,25,2018,47.38,42.99,29.7,0.0,39.139,97.8,0.3996,0.0,45.7,0.0,0,IDLE_CREEP,0,UP,OFF,12.98,32.1,32.0,31.8,31.9
09:48:20,3rd Gear,3,25,2018,47.39,43.02,29.7,0.0,39.139,97.8,0.4003,0.0,45.7,0.0,0,IDLE_CREEP,0,UP,OFF,12.98,32.1,32.0,31.8,31.9
09:48:20,3rd Gear,3,25,2018,47.4,43.05,29.7,0.0,39.139,97.8,0.401,0.0,45.7,0.0,0,IDLE_CREEP,0,UP,OFF,12.99,32.1,32.0,31.8,31.9
09:48:20,3rd Gear,3,25,2018,47.41,43.08,29.7,0.0,39.139,97.8,0.4017,0.0,45.7,0.0,0,IDLE_CREEP,0,UP,OFF,12.99,32.1,32.0,31.8,31.9
09:48:20,3rd Gear,3,25,2018,47.42,43.11,29.7,0.0,39.139,97.8,0.4024,0.0,45.7,0.0,0,IDLE_CREEP,0,UP,OFF,12.99,32.1,32.0,31.8,31.9
09:48:20,3rd Gear,3,25,2018,47.44,43.14,29.7,0.0,39.139,97.8,0.4031,0.0,45.7,0.0,0,IDLE_CREEP,0,UP,OFF,12.99,32.1,32.0,31.8,31.9
09:48:20,3rd Gear,3,25,2018,47.45,43.17,29.7,0.0,39.139,97.8,0.4038,0.0,45.7,0.0,0,IDLE_CREEP,0,UP,OFF,12.99,32.1,32.0,31.8,31.9
09:48:20,3rd Gear,3,25,2018,47.46,43.2,29.7,0.0,39.139,97.8,0.4045,0.0,45.7,0.0,0,IDLE_CREEP,0,UP,OFF,12.99,32.1,32.0,31.8,31.9
09:48:21,3rd Gear,3,25,2018,47.47,43.22,29.7,0.0,39.139,97.8,0.4051,0.0,45.7,0.0,0,IDLE_CREEP,0,UP,OFF,12.99,32.1,32.0,31.8,31.9
09:48:21,3rd Gear,3,25,2018,47.49,43.25,29.7,0.0,39.139,97.8,0.4058,0.0,45.7,0.0,0,IDLE_CREEP,0,UP,OFF,12.99,32.1,32.0,31.8,31.9
09:48:21,3rd Gear,3,25,2018,47.5,43.28,29.7,0.0,39.139,97.8,0.4065,0.0,45.7,0.0,0,IDLE_CREEP,0,UP,OFF,12.99,32.1,32.0,31.8,31.9
09:48:21,3rd Gear,3,25,2018,47.51,43.31,29.7,0.0,39.139,97.8,0.4072,0.0,45.7,0.0,0,IDLE_CREEP,0,UP,OFF,12.99,32.1,32.0,31.8,31.9
09:48:21,3rd Gear,3,25,2018,47.52,43.34,29.7,0.0,39.139,97.8,0.4079,0.0,45.7,0.0,0,IDLE_CREEP,0,UP,OFF,13.0,32.1,32.0,31.8,31.9
09:48:21,3rd Gear,3,25,2018,47.53,43.37,29.7,0.0,39.139,97.8,0.4086,0.0,45.7,0.0,0,IDLE_CREEP,0,UP,OFF,13.0,32.1,32.0,31.8,31.9
09:48:21,3rd Gear,3,25,2018,47.55,43.39,29.7,0.0,39.139,97.8,0.4093,0.0,45.7,0.0,0,IDLE_CREEP,0,UP,OFF,13.0,32.1,32.0,31.8,31.9
09:48:21,3rd Gear,3,25,2018,47.56,43.42,29.7,0.0,39.139,97.8,0.41,0.0,45.7,0.0,0,IDLE_CREEP,0,UP,OFF,13.0,32.1,32.0,31.8,31.9
09:48:22,3rd Gear,3,25,2018,47.57,43.45,29.7,0.0,39.139,97.8,0.4107,0.0,45.7,0.0,0,IDLE_CREEP,0,UP,OFF,13.0,32.1,32.0,31.8,31.9
09:48:22,3rd Gear,3,25,2018,47.58,43.48,29.7,0.0,39.139,97.8,0.4114,0.0,45.7,0.0,0,IDLE_CREEP,0,UP,OFF,13.0,32.1,32.0,31.8,31.9
09:48:22,3rd Gear,3,25,2018,47.6,43.51,29.7,0.0,39.139,97.8,0.4121,0.0,45.7,0.0,0,IDLE_CREEP,0,UP,OFF,13.0,32.1,32.0,31.8,31.9
09:48:22,3rd Gear,3,25,2018,47.61,43.54,29.7,0.0,39.139,97.8,0.4128,0.0,45.7,0.0,0,IDLE_CREEP,0,UP,OFF,13.0,32.1,32.0,31.8,31.9
09:48:22,3rd Gear,3,25,2018,47.62,43.56,29.7,0.0,39.139,97.8,0.4135,0.0,45.7,0.0,0,IDLE_CREEP,0,UP,OFF,13.0,32.1,32.0,31.8,31.9
09:48:22,3rd Gear,3,25,2018,47.63,43.59,29.7,0.0,39.139,97.8,0.4142,0.0,45.7,0.0,0,IDLE_CREEP,0,UP,OFF,13.0,32.1,32.0,31.8,31.9
09:48:22,3rd Gear,3,25,2018,47.64,43.62,29.7,0.0,39.139,97.8,0.4149,0.0,45.7,0.0,0,IDLE_CREEP,0,UP,OFF,13.01,32.1,32.0,31.8,31.9
09:48:23,3rd Gear,3,25,2018,47.66,43.65,29.7,0.0,39.139,97.8,0.4156,0.0,45.7,0.0,0,IDLE_CREEP,0,UP,OFF,13.01,32.1,32.0,31.8,31.9
09:48:23,3rd Gear,3,25,2018,47.67,43.68,29.7,0.0,39.139,97.8,0.4163,0.0,45.7,0.0,0,IDLE_CREEP,0,UP,OFF,13.01,32.1,32.0,31.8,31.9
09:48:23,3rd Gear,3,25,2018,47.68,43.7,29.7,0.0,39.139,97.8,0.417,0.0,45.7,0.0,0,IDLE_CREEP,0,UP,OFF,13.01,32.1,32.0,31.8,31.9
09:48:23,3rd Gear,3,25,2018,47.69,43.73,29.7,0.0,39.139,97.8,0.4176,0.0,45.7,0.0,0,IDLE_CREEP,0,UP,OFF,13.01,32.1,32.0,31.8,31.9
09:48:23,3rd Gear,3,25,2018,47.7,43.76,29.7,0.0,39.139,97.8,0.4183,0.0,45.7,0.0,0,IDLE_CREEP,0,UP,OFF,13.01,32.1,32.0,31.8,31.9
09:48:23,3rd Gear,3,25,2018,47.72,43.79,29.7,0.0,39.139,97.8,0.419,0.0,45.7,0.0,0,IDLE_CREEP,0,UP,OFF,13.01,32.1,32.0,31.8,31.9
09:48:23,3rd Gear,3,25,2018,47.73,43.82,29.7,0.0,39.139,97.8,0.4197,0.0,45.7,0.0,0,IDLE_CREEP,0,UP,OFF,13.01,32.1,32.0,31.8,31.9
09:48:24,3rd Gear,3,25,2018,47.74,43.84,29.7,0.0,39.139,97.8,0.4204,0.0,45.7,0.0,0,IDLE_CREEP,0,UP,OFF,13.01,32.1,32.0,31.8,31.9
09:48:24,3rd Gear,3,25,2018,47.75,43.87,29.7,0.0,39.139,97.8,0.4211,0.0,45.7,0.0,0,IDLE_CREEP,0,UP,OFF,13.01,32.1,32.0,31.8,31.9
09:48:24,3rd Gear,3,25,2018,47.76,43.9,29.7,0.0,39.139,97.8,0.4218,0.0,45.7,0.0,0,IDLE_CREEP,0,UP,OFF,13.02,32.1,32.0,31.8,31.9
09:48:24,3rd Gear,3,25,2018,47.77,43.93,29.7,0.0,39.139,97.8,0.4225,0.0,45.7,0.0,0,IDLE_CREEP,0,UP,OFF,13.02,32.1,32.0,31.8,31.9
09:48:24,3rd Gear,3,25,2018,47.79,43.95,29.7,0.0,39.139,97.8,0.4232,0.0,45.7,0.0,0,IDLE_CREEP,0,UP,OFF,13.02,32.1,32.0,31.8,31.9
09:48:24,3rd Gear,3,25,2018,47.8,43.98,29.7,0.0,39.139,97.8,0.4239,0.0,45.7,0.0,0,IDLE_CREEP,0,UP,OFF,13.02,32.1,32.0,31.8,31.9
09:48:24,3rd Gear,3,25,2018,47.81,44.01,29.7,0.0,39.139,97.8,0.4246,0.0,45.7,0.0,0,IDLE_CREEP,0,UP,OFF,13.02,32.1,32.0,31.8,31.9
09:48:24,3rd Gear,3,25,2018,47.82,44.04,29.7,0.0,39.139,97.8,0.4253,0.0,45.7,0.0,0,IDLE_CREEP,0,UP,OFF,13.02,32.1,32.0,31.8,31.9
09:48:25,3rd Gear,3,25,2018,47.83,44.07,29.7,0.0,39.139,97.8,0.426,0.0,45.7,0.0,0,IDLE_CREEP,0,UP,OFF,13.02,32.1,32.0,31.8,31.9
09:48:25,3rd Gear,3,25,2018,47.85,44.09,29.7,0.0,39.139,97.8,0.4267,0.0,45.7,0.0,0,IDLE_CREEP,0,UP,OFF,13.02,32.1,32.0,31.8,31.9
09:48:25,3rd Gear,3,25,2018,47.86,44.12,29.7,0.0,39.139,97.8,0.4274,0.0,45.7,0.0,0,IDLE_CREEP,0,UP,OFF,13.02,32.1,32.0,31.8,31.9
09:48:25,3rd Gear,3,25,2018,47.87,44.15,29.7,0.0,39.139,97.8,0.4281,0.0,45.7,0.0,0,IDLE_CREEP,0,UP,OFF,13.02,32.1,32.0,31.8,31.9
09:48:25,3rd Gear,3,25,2018,47.88,44.18,29.7,0.0,39.139,97.8,0.4288,0.0,45.7,0.0,0,IDLE_CREEP,0,UP,OFF,13.03,32.1,32.0,31.8,31.9
09:48:25,3rd Gear,3,25,2018,47.89,44.2,29.7,0.0,39.139,97.8,0.4295,0.0,45.7,0.0,0,IDLE_CREEP,0,UP,OFF,13.03,32.1,32.0,31.8,31.9
09:48:25,3rd Gear,3,25,2018,47.91,44.23,29.7,0.0,39.139,97.8,0.4301,0.0,45.7,0.0,0,IDLE_CREEP,0,UP,OFF,13.03,32.1,32.0,31.8,31.9
09:48:26,3rd Gear,3,25,2018,47.92,44.26,29.7,0.0,39.139,97.8,0.4308,0.0,45.7,0.0,0,IDLE_CREEP,0,UP,OFF,13.03,32.1,32.0,31.8,31.9
09:48:26,3rd Gear,3,25,2018,47.93,44.29,29.7,0.0,39.139,97.8,0.4315,0.0,45.7,0.0,0,IDLE_CREEP,0,UP,OFF,13.03,32.1,32.0,31.8,31.9
09:48:26,3rd Gear,3,25,2018,47.94,44.31,29.7,0.0,39.139,97.8,0.4322,0.0,45.7,0.0,0,IDLE_CREEP,0,UP,OFF,13.03,32.1,32.0,31.8,31.9
09:48:26,3rd Gear,3,25,2018,47.95,44.34,29.7,0.0,39.139,97.8,0.4329,0.0,45.7,0.0,0,IDLE_CREEP,0,UP,OFF,13.03,32.1,32.0,31.8,31.9
09:48:26,3rd Gear,3,25,2018,47.96,44.37,29.7,0.0,39.139,97.8,0.4336,0.0,45.7,0.0,0,IDLE_CREEP,0,UP,OFF,13.03,32.1,32.0,31.8,31.9
09:48:26,3rd Gear,3,25,2018,47.98,44.39,29.7,0.0,39.139,97.8,0.4343,0.0,45.7,0.0,0,IDLE_CREEP,0,UP,OFF,13.03,32.1,32.0,31.8,31.9
09:48:26,3rd Gear,3,25,2018,47.99,44.42,29.7,0.0,39.139,97.8,0.435,0.0,45.7,0.0,0,IDLE_CREEP,0,UP,OFF,13.03,32.1,32.0,31.8,31.9
09:48:26,3rd Gear,3,25,2018,48.0,44.45,29.7,0.0,39.139,97.8,0.4357,0.0,45.7,0.0,0,IDLE_CREEP,0,UP,OFF,13.04,32.1,32.0,31.8,31.9
09:48:27,3rd Gear,3,25,2018,48.01,44.48,29.7,0.0,39.139,97.8,0.4364,0.0,45.7,0.0,0,IDLE_CREEP,0,UP,OFF,13.04,32.1,32.0,31.8,31.9
09:48:27,3rd Gear,3,25,2018,48.02,44.5,29.7,0.0,39.139,97.8,0.4371,0.0,45.7,0.0,0,IDLE_CREEP,0,UP,OFF,13.04,32.1,32.0,31.8,31.9
09:48:27,3rd Gear,3,25,2018,48.03,44.53,29.7,0.0,39.139,97.8,0.4378,0.0,45.7,0.0,0,IDLE_CREEP,0,UP,OFF,13.04,32.1,32.0,31.8,31.9
09:48:27,3rd Gear,3,25,2018,48.05,44.56,29.7,0.0,39.139,97.8,0.4385,0.0,45.7,0.0,0,IDLE_CREEP,0,UP,OFF,13.04,32.1,32.0,31.8,31.9
09:48:27,3rd Gear,3,25,2018,48.06,44.58,29.7,0.0,39.139,97.8,0.4392,0.0,45.7,0.0,0,IDLE_CREEP,0,UP,OFF,13.04,32.1,32.0,31.8,31.9
09:48:27,3rd Gear,3,25,2018,48.07,44.61,29.7,0.0,39.139,97.8,0.4399,0.0,45.7,0.0,0,IDLE_CREEP,0,UP,OFF,13.04,32.1,32.0,31.8,31.9
09:48:27,3rd Gear,3,25,2018,48.08,44.64,29.7,0.0,39.139,97.8,0.4406,0.0,45.7,0.0,0,IDLE_CREEP,0,UP,OFF,13.04,32.1,32.0,31.8,31.9
09:48:28,3rd Gear,3,25,2018,48.09,44.66,29.7,0.0,39.139,97.8,0.4413,0.0,45.7,0.0,0,IDLE_CREEP,0,UP,OFF,13.04,32.1,32.0,31.8,31.9
09:48:28,3rd Gear,3,25,2018,48.1,44.69,29.7,0.0,39.139,97.8,0.442,0.0,45.7,0.0,0,IDLE_CREEP,0,UP,OFF,13.04,32.1,32.0,31.8,31.9
09:48:28,3rd Gear,3,25,2018,48.12,44.72,29.7,0.0,39.139,97.8,0.4426,0.0,45.7,0.0,0,IDLE_CREEP,0,UP,OFF,13.05,32.1,32.0,31.8,31.9
09:48:28,3rd Gear,3,25,2018,48.13,44.75,29.7,0.0,39.139,97.8,0.4433,0.0,45.7,0.0,0,IDLE_CREEP,0,UP,OFF,13.05,32.1,32.0,31.8,31.9
09:48:28,3rd Gear,3,25,2018,48.14,44.77,29.7,0.0,39.139,97.8,0.444,0.0,45.7,0.0,0,IDLE_CREEP,0,UP,OFF,13.05,32.1,32.0,31.8,31.9
09:48:28,3rd Gear,3,25,2018,48.15,44.8,29.7,0.0,39.139,97.8,0.4447,0.0,45.7,0.0,0,IDLE_CREEP,0,UP,OFF,13.05,32.1,32.0,31.8,31.9
09:48:28,3rd Gear,3,25,2018,48.16,44.83,29.7,0.0,39.139,97.8,0.4454,0.0,45.7,0.0,0,IDLE_CREEP,0,UP,OFF,13.05,32.1,32.0,31.8,31.9
09:48:29,3rd Gear,3,25,2018,48.17,44.85,29.7,0.0,39.139,97.8,0.4461,0.0,45.7,0.0,0,IDLE_CREEP,0,UP,OFF,13.05,32.1,32.0,31.8,31.9
09:48:29,3rd Gear,3,25,2018,48.18,44.88,29.7,0.0,39.139,97.8,0.4468,0.0,45.7,0.0,0,IDLE_CREEP,0,UP,OFF,13.05,32.1,32.0,31.8,31.9
09:48:29,3rd Gear,3,25,2018,48.2,44.91,29.7,0.0,39.139,97.8,0.4475,0.0,45.7,0.0,0,IDLE_CREEP,0,UP,OFF,13.05,32.1,32.0,31.8,31.9
09:48:29,3rd Gear,3,25,2018,48.21,44.93,29.7,0.0,39.139,97.8,0.4482,0.0,45.7,0.0,0,IDLE_CREEP,0,UP,OFF,13.05,32.1,32.0,31.8,31.9
09:48:29,3rd Gear,3,25,2018,48.22,44.96,29.7,0.0,39.139,97.8,0.4489,0.0,45.7,0.0,0,IDLE_CREEP,0,UP,OFF,13.05,32.1,32.0,31.8,31.9
09:48:29,3rd Gear,3,25,2018,48.23,44.99,29.7,0.0,39.139,97.8,0.4496,0.0,45.7,0.0,0,IDLE_CREEP,0,UP,OFF,13.06,32.1,32.0,31.8,31.9
09:48:29,3rd Gear,3,25,2018,48.24,45.01,29.7,0.0,39.139,97.8,0.4503,0.0,45.7,0.0,0,IDLE_CREEP,0,UP,OFF,13.06,32.1,32.0,31.8,31.9
09:48:29,3rd Gear,3,25,2018,48.25,45.04,29.7,0.0,39.139,97.8,0.451,0.0,45.7,0.0,0,IDLE_CREEP,0,UP,OFF,13.06,32.1,32.0,31.8,31.9
09:48:30,3rd Gear,3,25,2018,48.26,45.06,29.7,0.0,39.139,97.8,0.4517,0.0,45.7,0.0,0,IDLE_CREEP,0,UP,OFF,13.06,32.1,32.0,31.8,31.9
09:48:30,3rd Gear,3,25,2018,48.28,45.09,29.7,0.0,39.139,97.8,0.4524,0.0,45.7,0.0,0,IDLE_CREEP,0,UP,OFF,13.06,32.1,32.0,31.8,31.9
09:48:30,3rd Gear,3,25,2018,48.29,45.12,29.7,0.0,39.139,97.8,0.4531,0.0,45.7,0.0,0,IDLE_CREEP,0,UP,OFF,13.06,32.1,32.0,31.8,31.9
09:48:30,3rd Gear,3,25,2018,48.3,45.14,29.7,0.0,39.139,97.8,0.4538,0.0,45.7,0.0,0,IDLE_CREEP,0,UP,OFF,13.06,32.1,32.0,31.8,31.9
09:48:30,3rd Gear,3,25,2018,48.31,45.17,29.7,0.0,39.139,97.8,0.4545,0.0,45.7,0.0,0,IDLE_CREEP,0,UP,OFF,13.06,32.1,32.0,31.8,31.9
09:48:30,3rd Gear,3,25,2018,48.32,45.2,29.7,0.0,39.139,97.8,0.4551,0.0,45.7,0.0,0,IDLE_CREEP,0,UP,OFF,13.06,32.1,32.0,31.8,31.9
09:48:30,3rd Gear,3,25,2018,48.33,45.22,29.7,0.0,39.139,97.8,0.4558,0.0,45.7,0.0,0,IDLE_CREEP,0,UP,OFF,13.06,32.1,32.0,31.8,31.9
09:48:31,3rd Gear,3,25,2018,48.34,45.25,29.7,0.0,39.139,97.8,0.4565,0.0,45.7,0.0,0,IDLE_CREEP,0,UP,OFF,13.07,32.1,32.0,31.8,31.9
09:48:31,3rd Gear,3,25,2018,48.36,45.28,29.7,0.0,39.139,97.8,0.4572,0.0,45.7,0.0,0,IDLE_CREEP,0,UP,OFF,13.07,32.1,32.0,31.8,31.9
09:48:31,3rd Gear,3,25,2018,48.37,45.3,29.7,0.0,39.139,97.8,0.4579,0.0,45.7,0.0,0,IDLE_CREEP,0,UP,OFF,13.07,32.1,32.0,31.8,31.9
09:48:31,3rd Gear,3,25,2018,48.38,45.33,29.7,0.0,39.139,97.8,0.4586,0.0,45.7,0.0,0,IDLE_CREEP,0,UP,OFF,13.07,32.1,32.0,31.8,31.9
09:48:31,3rd Gear,3,25,2018,48.39,45.35,29.7,0.0,39.139,97.8,0.4593,0.0,45.7,0.0,0,IDLE_CREEP,0,UP,OFF,13.07,32.1,32.0,31.8,31.9
09:48:31,3rd Gear,3,25,2018,48.4,45.38,29.7,0.0,39.139,97.8,0.46,0.0,45.7,0.0,0,IDLE_CREEP,0,UP,OFF,13.07,32.1,32.0,31.8,31.9
09:48:31,3rd Gear,3,25,2018,48.41,45.41,29.7,0.0,39.139,97.8,0.4607,0.0,45.7,0.0,0,IDLE_CREEP,0,UP,OFF,13.07,32.1,32.0,31.8,31.9
09:48:31,3rd Gear,3,25,2018,48.42,45.43,29.7,0.0,39.139,97.8,0.4614,0.0,45.7,0.0,0,IDLE_CREEP,0,UP,OFF,13.07,32.1,32.0,31.8,31.9
09:48:32,3rd Gear,3,25,2018,48.43,45.46,29.7,0.0,39.139,97.8,0.4621,0.0,45.7,0.0,0,IDLE_CREEP,0,UP,OFF,13.07,32.1,32.0,31.8,31.9
09:48:32,3rd Gear,3,25,2018,48.45,45.48,29.7,0.0,39.139,97.8,0.4628,0.0,45.7,0.0,0,IDLE_CREEP,0,UP,OFF,13.07,32.1,32.0,31.8,31.9
09:48:32,3rd Gear,3,25,2018,48.46,45.51,29.7,0.0,39.139,97.8,0.4635,0.0,45.7,0.0,0,IDLE_CREEP,0,UP,OFF,13.08,32.1,32.0,31.8,31.9
09:48:32,3rd Gear,3,25,2018,48.47,45.54,29.7,0.0,39.139,97.8,0.4642,0.0,45.7,0.0,0,IDLE_CREEP,0,UP,OFF,13.08,32.1,32.0,31.8,31.9
09:48:32,3rd Gear,3,25,2018,48.48,45.56,29.7,0.0,39.139,97.8,0.4649,0.0,45.7,0.0,0,IDLE_CREEP,0,UP,OFF,13.08,32.1,32.0,31.8,31.9
09:48:32,3rd Gear,3,25,2018,48.49,45.59,29.7,0.0,39.139,97.8,0.4656,0.0,45.7,0.0,0,IDLE_CREEP,0,UP,OFF,13.08,32.1,32.0,31.8,31.9
09:48:32,3rd Gear,3,25,2018,48.5,45.61,29.7,0.0,39.139,97.8,0.4663,0.0,45.7,0.0,0,IDLE_CREEP,0,UP,OFF,13.08,32.1,32.0,31.8,31.9
09:48:33,3rd Gear,3,25,2018,48.51,45.64,29.7,0.0,39.139,97.8,0.467,0.0,45.7,0.0,0,IDLE_CREEP,0,UP,OFF,13.08,32.1,32.0,31.8,31.9
09:48:33,3rd Gear,3,25,2018,48.52,45.66,29.7,0.0,39.139,97.8,0.4676,0.0,45.7,0.0,0,IDLE_CREEP,0,UP,OFF,13.08,32.1,32.0,31.8,31.9
09:48:33,3rd Gear,3,25,2018,48.54,45.69,29.7,0.0,39.139,97.8,0.4683,0.0,45.7,0.0,0,IDLE_CREEP,0,UP,OFF,13.08,32.1,32.0,31.8,31.9
09:48:33,3rd Gear,3,25,2018,48.55,45.72,29.7,0.0,39.139,97.8,0.469,0.0,45.7,0.0,0,IDLE_CREEP,0,UP,OFF,13.08,32.1,32.0,31.8,31.9
09:48:33,3rd Gear,3,25,2018,48.56,45.74,29.7,0.0,39.139,97.8,0.4697,0.0,45.7,0.0,0,IDLE_CREEP,0,UP,OFF,13.08,32.1,32.0,31.8,31.9
09:48:33,3rd Gear,3,25,2018,48.57,45.77,29.7,0.0,39.139,97.8,0.4704,0.0,45.7,0.0,0,IDLE_CREEP,0,UP,OFF,13.09,32.1,32.0,31.8,31.9
09:48:34,3rd Gear,3,25,2018,48.58,45.79,29.7,0.0,39.139,97.8,0.4711,0.0,45.7,0.0,0,IDLE_CREEP,0,UP,OFF,13.09,32.1,32.0,31.8,31.9
09:48:34,3rd Gear,3,25,2018,48.59,45.82,29.7,0.0,39.139,97.8,0.4718,0.0,45.7,0.0,0,IDLE_CREEP,0,UP,OFF,13.09,32.1,32.0,31.8,31.9
09:48:34,3rd Gear,3,25,2018,48.6,45.84,29.7,0.0,39.139,97.8,0.4725,0.0,45.7,0.0,0,IDLE_CREEP,0,UP,OFF,13.09,32.1,32.0,31.8,31.9
09:48:34,3rd Gear,3,25,2018,48.61,45.87,29.7,0.0,39.139,97.8,0.4732,0.0,45.7,0.0,0,IDLE_CREEP,0,UP,OFF,13.09,32.1,32.0,31.8,31.9
09:48:34,3rd Gear,3,25,2018,48.62,45.9,29.7,0.0,39.139,97.8,0.4739,0.0,45.7,0.0,0,IDLE_CREEP,0,UP,OFF,13.09,32.1,32.0,31.8,31.9
09:48:34,3rd Gear,3,25,2018,48.63,45.92,29.7,0.0,39.139,97.8,0.4746,0.0,45.7,0.0,0,IDLE_CREEP,0,UP,OFF,13.09,32.1,32.0,31.8,31.9
09:48:34,3rd Gear,3,25,2018,48.65,45.95,29.7,0.0,39.139,97.8,0.4753,0.0,45.7,0.0,0,IDLE_CREEP,0,UP,OFF,13.09,32.1,32.0,31.8,31.9
09:48:35,3rd Gear,3,25,2018,48.66,45.97,29.7,0.0,39.139,97.8,0.476,0.0,45.7,0.0,0,IDLE_CREEP,0,UP,OFF,13.09,32.1,32.0,31.8,31.9
09:48:35,3rd Gear,3,25,2018,48.67,46.0,29.7,0.0,39.139,97.8,0.4767,0.0,45.7,0.0,0,IDLE_CREEP,0,UP,OFF,13.09,32.1,32.0,31.8,31.9
09:48:35,3rd Gear,3,25,2018,48.68,46.02,29.7,0.0,39.139,97.8,0.4774,0.0,45.7,0.0,0,IDLE_CREEP,0,UP,OFF,13.1,32.1,32.0,31.8,31.9
09:48:35,3rd Gear,3,25,2018,48.69,46.05,29.7,0.0,39.139,97.8,0.4781,0.0,45.7,0.0,0,IDLE_CREEP,0,UP,OFF,13.1,32.1,32.0,31.8,31.9
09:48:35,3rd Gear,3,25,2018,48.7,46.07,29.7,0.0,39.139,97.8,0.4788,0.0,45.7,0.0,0,IDLE_CREEP,0,UP,OFF,13.1,32.1,32.0,31.8,31.9
09:48:35,3rd Gear,3,25,2018,48.71,46.1,29.7,0.0,39.139,97.8,0.4795,0.0,45.7,0.0,0,IDLE_CREEP,0,UP,OFF,13.1,32.1,32.0,31.8,31.9
09:48:35,3rd Gear,3,25,2018,48.72,46.12,29.7,0.0,39.139,97.8,0.4801,0.0,45.7,0.0,0,IDLE_CREEP,0,UP,OFF,13.1,32.1,32.0,31.8,31.9
09:48:35,3rd Gear,3,25,2018,48.73,46.15,29.7,0.0,39.139,97.8,0.4808,0.0,45.7,0.0,0,IDLE_CREEP,0,UP,OFF,13.1,32.1,32.0,31.8,31.9
09:48:36,3rd Gear,3,25,2018,48.74,46.17,29.7,0.0,39.139,97.8,0.4815,0.0,45.7,0.0,0,IDLE_CREEP,0,UP,OFF,13.1,32.1,32.0,31.8,31.9
09:48:36,3rd Gear,3,25,2018,48.76,46.2,29.7,0.0,39.139,97.8,0.4822,0.0,45.7,0.0,0,IDLE_CREEP,0,UP,OFF,13.1,32.1,32.0,31.8,31.9
09:48:36,3rd Gear,3,25,2018,48.77,46.22,29.7,0.0,39.139,97.8,0.4829,0.0,45.7,0.0,0,IDLE_CREEP,0,UP,OFF,13.1,32.1,32.0,31.8,31.9
09:48:36,3rd Gear,3,25,2018,48.78,46.25,29.7,0.0,39.139,97.8,0.4836,0.0,45.7,0.0,0,IDLE_CREEP,0,UP,OFF,13.1,32.1,32.0,31.8,31.9
09:48:36,3rd Gear,3,25,2018,48.79,46.27,29.7,0.0,39.139,97.8,0.4843,0.0,45.7,0.0,0,IDLE_CREEP,0,UP,OFF,13.11,32.1,32.0,31.8,31.9
09:48:36,3rd Gear,3,25,2018,48.8,46.3,29.7,0.0,39.139,97.8,0.485,0.0,45.7,0.0,0,IDLE_CREEP,0,UP,OFF,13.11,32.1,32.0,31.8,31.9
09:48:36,3rd Gear,3,25,2018,48.81,46.32,29.7,0.0,39.139,97.8,0.4857,0.0,45.7,0.0,0,IDLE_CREEP,0,UP,OFF,13.11,32.1,32.0,31.8,31.9
09:48:37,3rd Gear,3,25,2018,48.82,46.35,29.7,0.0,39.139,97.8,0.4864,0.0,45.7,0.0,0,IDLE_CREEP,0,UP,OFF,13.11,32.1,32.0,31.8,31.9
09:48:37,3rd Gear,3,25,2018,48.83,46.37,29.7,0.0,39.139,97.8,0.4871,0.0,45.7,0.0,0,IDLE_CREEP,0,UP,OFF,13.11,32.1,32.0,31.8,31.9
09:48:37,3rd Gear,3,25,2018,48.84,46.4,29.7,0.0,39.139,97.8,0.4878,0.0,45.7,0.0,0,IDLE_CREEP,0,UP,OFF,13.11,32.1,32.0,31.8,31.9
09:48:37,3rd Gear,3,25,2018,48.85,46.42,29.7,0.0,39.139,97.8,0.4885,0.0,45.7,0.0,0,IDLE_CREEP,0,UP,OFF,13.11,32.1,32.0,31.8,31.9
09:48:37,3rd Gear,3,25,2018,48.86,46.45,29.7,0.0,39.139,97.8,0.4892,0.0,45.7,0.0,0,IDLE_CREEP,0,UP,OFF,13.11,32.1,32.0,31.8,31.9
09:48:37,3rd Gear,3,25,2018,48.88,46.47,29.7,0.0,39.139,97.8,0.4899,0.0,45.7,0.0,0,IDLE_CREEP,0,UP,OFF,13.11,32.1,32.0,31.8,31.9
09:48:37,3rd Gear,3,25,2018,48.89,46.5,29.7,0.0,39.139,97.8,0.4906,0.0,45.7,0.0,0,IDLE_CREEP,0,UP,OFF,13.11,32.1,32.0,31.8,31.9
09:48:37,3rd Gear,3,25,2018,48.9,46.52,29.7,0.0,39.139,97.8,0.4913,0.0,45.7,0.0,0,IDLE_CREEP,0,UP,OFF,13.12,32.1,32.0,31.8,31.9
09:48:38,3rd Gear,3,25,2018,48.91,46.55,29.7,0.0,39.139,97.8,0.492,0.0,45.7,0.0,0,IDLE_CREEP,0,UP,OFF,13.12,32.1,32.0,31.8,31.9
09:48:38,3rd Gear,3,25,2018,48.92,46.57,29.7,0.0,39.139,97.8,0.4926,0.0,45.7,0.0,0,IDLE_CREEP,0,UP,OFF,13.12,32.1,32.0,31.8,31.9
09:48:38,3rd Gear,3,25,2018,48.93,46.6,29.7,0.0,39.139,97.8,0.4933,0.0,45.7,0.0,0,IDLE_CREEP,0,UP,OFF,13.12,32.1,32.0,31.8,31.9
09:48:38,3rd Gear,3,25,2018,48.94,46.62,29.7,0.0,39.139,97.8,0.494,0.0,45.7,0.0,0,IDLE_CREEP,0,UP,OFF,13.12,32.1,32.0,31.8,31.9
09:48:38,3rd Gear,3,25,2018,48.95,46.65,29.7,0.0,39.139,97.8,0.4947,0.0,45.7,0.0,0,IDLE_CREEP,0,UP,OFF,13.12,32.1,32.0,31.8,31.9
09:48:38,3rd Gear,3,25,2018,48.96,46.67,29.7,0.0,39.139,97.8,0.4954,0.0,45.7,0.0,0,IDLE_CREEP,0,UP,OFF,13.12,32.1,32.0,31.8,31.9
09:48:38,3rd Gear,3,25,2018,48.97,46.7,29.7,0.0,39.139,97.8,0.4961,0.0,45.7,0.0,0,IDLE_CREEP,0,UP,OFF,13.12,32.1,32.0,31.8,31.9
09:48:39,3rd Gear,3,25,2018,48.98,46.72,29.7,0.0,39.139,97.8,0.4968,0.0,45.7,0.0,0,IDLE_CREEP,0,UP,OFF,13.12,32.1,32.0,31.8,31.9
09:48:39,3rd Gear,3,25,2018,48.99,46.75,29.7,0.0,39.139,97.8,0.4975,0.0,45.7,0.0,0,IDLE_CREEP,0,UP,OFF,13.12,32.1,32.0,31.8,31.9
09:48:39,3rd Gear,3,25,2018,49.0,46.77,29.7,0.0,39.139,97.8,0.4982,0.0,45.7,0.0,0,IDLE_CREEP,0,UP,OFF,13.13,32.1,32.0,31.8,31.9
09:48:39,3rd Gear,3,25,2018,49.01,46.79,29.7,0.0,39.139,97.8,0.4989,0.0,45.7,0.0,0,IDLE_CREEP,0,UP,OFF,13.13,32.1,32.0,31.8,31.9
09:48:39,3rd Gear,3,25,2018,49.03,46.82,29.7,0.0,39.139,97.8,0.4996,0.0,45.7,0.0,0,IDLE_CREEP,0,UP,OFF,13.13,32.1,32.0,31.8,31.9
09:48:39,3rd Gear,3,25,2018,49.04,46.84,29.7,0.0,39.139,97.8,0.5003,0.0,45.7,0.0,0,IDLE_CREEP,0,UP,OFF,13.13,32.1,32.0,31.8,31.9
09:48:39,3rd Gear,3,25,2018,49.05,46.87,29.7,0.0,39.139,97.8,0.501,0.0,45.7,0.0,0,IDLE_CREEP,0,UP,OFF,13.13,32.1,32.0,31.8,31.9
09:48:39,3rd Gear,3,25,2018,49.06,46.89,29.7,0.0,39.139,97.8,0.5017,0.0,45.7,0.0,0,IDLE_CREEP,0,UP,OFF,13.13,32.1,32.0,31.8,31.9
09:48:40,3rd Gear,3,25,2018,49.07,46.92,29.7,0.0,39.139,97.8,0.5024,0.0,45.7,0.0,0,IDLE_CREEP,0,UP,OFF,13.13,32.1,32.0,31.8,31.9
09:48:40,3rd Gear,3,25,2018,49.08,46.94,29.7,0.0,39.139,97.8,0.5031,0.0,45.7,0.0,0,IDLE_CREEP,0,UP,OFF,13.13,32.1,32.0,31.8,31.9
09:48:40,3rd Gear,3,25,2018,49.09,46.97,29.7,0.0,39.139,97.8,0.5038,0.0,45.7,0.0,0,IDLE_CREEP,0,UP,OFF,13.13,32.1,32.0,31.8,31.9
09:48:40,3rd Gear,3,25,2018,49.1,46.99,29.7,0.0,39.139,97.8,0.5045,0.0,45.7,0.0,0,IDLE_CREEP,0,UP,OFF,13.13,32.1,32.0,31.8,31.9
09:48:40,3rd Gear,3,25,2018,49.11,47.01,29.7,0.0,39.139,97.8,0.5051,0.0,45.7,0.0,0,IDLE_CREEP,0,UP,OFF,13.14,32.1,32.0,31.8,31.9
09:48:40,3rd Gear,3,25,2018,49.12,47.04,29.7,0.0,39.139,97.8,0.5058,0.0,45.7,0.0,0,IDLE_CREEP,0,UP,OFF,13.14,32.1,32.0,31.8,31.9
09:48:40,3rd Gear,3,25,2018,49.13,47.06,29.7,0.0,39.139,97.8,0.5065,0.0,45.7,0.0,0,IDLE_CREEP,0,UP,OFF,13.14,32.1,32.0,31.8,31.9
09:48:41,3rd Gear,3,25,2018,49.14,47.09,29.7,0.0,39.139,97.8,0.5072,0.0,45.7,0.0,0,IDLE_CREEP,0,UP,OFF,13.14,32.1,32.0,31.8,31.9
09:48:41,3rd Gear,3,25,2018,49.15,47.11,29.7,0.0,39.139,97.8,0.5079,0.0,45.7,0.0,0,IDLE_CREEP,0,UP,OFF,13.14,32.1,32.0,31.8,31.9
09:48:41,3rd Gear,3,25,2018,49.16,47.13,29.7,0.0,39.139,97.8,0.5086,0.0,45.7,0.0,0,IDLE_CREEP,0,UP,OFF,13.14,32.1,32.0,31.8,31.9
09:48:41,3rd Gear,3,25,2018,49.17,47.16,29.7,0.0,39.139,97.8,0.5093,0.0,45.7,0.0,0,IDLE_CREEP,0,UP,OFF,13.14,32.1,32.0,31.8,31.9
09:48:41,3rd Gear,3,25,2018,49.18,47.18,29.7,0.0,39.139,97.8,0.51,0.0,45.7,0.0,0,IDLE_CREEP,0,UP,OFF,13.14,32.1,32.0,31.8,31.9
09:48:41,3rd Gear,3,25,2018,49.19,47.21,29.7,0.0,39.139,97.8,0.5107,0.0,45.7,0.0,0,IDLE_CREEP,0,UP,OFF,13.14,32.1,32.0,31.8,31.9
09:48:41,3rd Gear,3,25,2018,49.2,47.23,29.7,0.0,39.139,97.8,0.5114,0.0,45.7,0.0,0,IDLE_CREEP,0,UP,OFF,13.14,32.1,32.0,31.8,31.9
09:48:42,3rd Gear,3,25,2018,49.22,47.25,29.7,0.0,39.139,97.8,0.5121,0.0,45.7,0.0,0,IDLE_CREEP,0,UP,OFF,13.15,32.1,32.0,31.8,31.9
09:48:42,3rd Gear,3,25,2018,49.23,47.28,29.7,0.0,39.139,97.8,0.5128,0.0,45.7,0.0,0,IDLE_CREEP,0,UP,OFF,13.15,32.1,32.0,31.8,31.9
09:48:42,3rd Gear,3,25,2018,49.24,47.3,29.7,0.0,39.139,97.8,0.5135,0.0,45.7,0.0,0,IDLE_CREEP,0,UP,OFF,13.15,32.1,32.0,31.8,31.9
09:48:42,3rd Gear,3,25,2018,49.25,47.33,29.7,0.0,39.139,97.8,0.5142,0.0,45.7,0.0,0,IDLE_CREEP,0,UP,OFF,13.15,32.1,32.0,31.8,31.9
09:48:42,3rd Gear,3,25,2018,49.26,47.35,29.7,0.0,39.139,97.8,0.5149,0.0,45.7,0.0,0,IDLE_CREEP,0,UP,OFF,13.15,32.1,32.0,31.8,31.9
09:48:42,3rd Gear,3,25,2018,49.27,47.37,29.7,0.0,39.139,97.8,0.5156,0.0,45.7,0.0,0,IDLE_CREEP,0,UP,OFF,13.15,32.1,32.0,31.8,31.9
09:48:42,3rd Gear,3,25,2018,49.28,47.4,29.7,0.0,39.139,97.8,0.5163,0.0,45.7,0.0,0,IDLE_CREEP,0,UP,OFF,13.15,32.1,32.0,31.8,31.9
09:48:43,3rd Gear,3,25,2018,49.29,47.42,29.7,0.0,39.139,97.8,0.517,0.0,45.7,0.0,0,IDLE_CREEP,0,UP,OFF,13.15,32.1,32.0,31.8,31.9
09:48:43,3rd Gear,3,25,2018,49.3,47.45,29.7,0.0,39.139,97.8,0.5176,0.0,45.7,0.0,0,IDLE_CREEP,0,UP,OFF,13.15,32.1,32.0,31.8,31.9
09:48:43,3rd Gear,3,25,2018,49.31,47.47,29.7,0.0,39.139,97.8,0.5183,0.0,45.7,0.0,0,IDLE_CREEP,0,UP,OFF,13.15,32.1,32.0,31.8,31.9
09:48:43,3rd Gear,3,25,2018,49.32,47.49,29.7,0.0,39.139,97.8,0.519,0.0,45.7,0.0,0,IDLE_CREEP,0,UP,OFF,13.16,32.1,32.0,31.8,31.9
09:48:43,3rd Gear,3,25,2018,49.33,47.52,29.7,0.0,39.139,97.8,0.5197,0.0,45.7,0.0,0,IDLE_CREEP,0,UP,OFF,13.16,32.1,32.0,31.8,31.9
09:48:43,3rd Gear,3,25,2018,49.34,47.54,29.7,0.0,39.139,97.8,0.5204,0.0,45.7,0.0,0,IDLE_CREEP,0,UP,OFF,13.16,32.1,32.0,31.8,31.9
09:48:43,3rd Gear,3,25,2018,49.35,47.56,29.7,0.0,39.139,97.8,0.5211,0.0,45.7,0.0,0,IDLE_CREEP,0,UP,OFF,13.16,32.1,32.0,31.8,31.9
09:48:43,3rd Gear,3,25,2018,49.36,47.59,29.7,0.0,39.139,97.8,0.5218,0.0,45.7,0.0,0,IDLE_CREEP,0,UP,OFF,13.16,32.1,32.0,31.8,31.9
09:48:44,3rd Gear,3,25,2018,49.37,47.61,29.7,0.0,39.139,97.8,0.5225,0.0,45.7,0.0,0,IDLE_CREEP,0,UP,OFF,13.16,32.1,32.0,31.8,31.9
09:48:44,3rd Gear,3,25,2018,49.38,47.63,29.7,0.0,39.139,97.8,0.5232,0.0,45.7,0.0,0,IDLE_CREEP,0,UP,OFF,13.16,32.1,32.0,31.8,31.9
09:48:44,3rd Gear,3,25,2018,49.39,47.66,29.7,0.0,39.139,97.8,0.5239,0.0,45.7,0.0,0,IDLE_CREEP,0,UP,OFF,13.16,32.1,32.0,31.8,31.9
09:48:44,3rd Gear,3,25,2018,49.4,47.68,29.7,0.0,39.139,97.8,0.5246,0.0,45.7,0.0,0,IDLE_CREEP,0,UP,OFF,13.16,32.1,32.0,31.8,31.9
09:48:44,3rd Gear,3,25,2018,49.41,47.71,29.7,0.0,39.139,97.8,0.5253,0.0,45.7,0.0,0,IDLE_CREEP,0,UP,OFF,13.16,32.1,32.0,31.8,31.9
09:48:44,3rd Gear,3,25,2018,49.42,47.73,29.7,0.0,39.139,97.8,0.526,0.0,45.7,0.0,0,IDLE_CREEP,0,UP,OFF,13.17,32.1,32.0,31.8,31.9
09:48:44,3rd Gear,3,25,2018,49.43,47.75,29.7,0.0,39.139,97.8,0.5267,0.0,45.7,0.0,0,IDLE_CREEP,0,UP,OFF,13.17,32.1,32.0,31.8,31.9
09:48:45,3rd Gear,3,25,2018,49.44,47.78,29.7,0.0,39.139,97.8,0.5274,0.0,45.7,0.0,0,IDLE_CREEP,0,UP,OFF,13.17,32.1,32.0,31.8,31.9
09:48:45,3rd Gear,3,25,2018,49.45,47.8,29.7,0.0,39.139,97.8,0.5281,0.0,45.7,0.0,0,IDLE_CREEP,0,UP,OFF,13.17,32.1,32.0,31.8,31.9
09:48:45,3rd Gear,3,25,2018,49.46,47.82,29.7,0.0,39.139,97.8,0.5288,0.0,45.7,0.0,0,IDLE_CREEP,0,UP,OFF,13.17,32.1,32.0,31.8,31.9
09:48:45,3rd Gear,3,25,2018,49.47,47.85,29.7,0.0,39.139,97.8,0.5295,0.0,45.7,0.0,0,IDLE_CREEP,0,UP,OFF,13.17,32.1,32.0,31.8,31.9
09:48:45,3rd Gear,3,25,2018,49.48,47.87,29.7,0.0,39.139,97.8,0.5301,0.0,45.7,0.0,0,IDLE_CREEP,0,UP,OFF,13.17,32.1,32.0,31.8,31.9
09:48:45,3rd Gear,3,25,2018,49.49,47.89,29.7,0.0,39.139,97.8,0.5308,0.0,45.7,0.0,0,IDLE_CREEP,0,UP,OFF,13.17,32.1,32.0,31.8,31.9
09:48:45,3rd Gear,3,25,2018,49.5,47.92,29.7,0.0,39.139,97.8,0.5315,0.0,45.7,0.0,0,IDLE_CREEP,0,UP,OFF,13.17,32.1,32.0,31.8,31.9
09:48:46,3rd Gear,3,25,2018,49.51,47.94,29.7,0.0,39.139,97.8,0.5322,0.0,45.7,0.0,0,IDLE_CREEP,0,UP,OFF,13.17,32.1,32.0,31.8,31.9
09:48:46,3rd Gear,3,25,2018,49.52,47.96,29.7,0.0,39.139,97.8,0.5329,0.0,45.7,0.0,0,IDLE_CREEP,0,UP,OFF,13.18,32.1,32.0,31.8,31.9
09:48:46,3rd Gear,3,25,2018,49.53,47.98,29.7,0.0,39.139,97.8,0.5336,0.0,45.7,0.0,0,IDLE_CREEP,0,UP,OFF,13.18,32.1,32.0,31.8,31.9
09:48:46,3rd Gear,3,25,2018,49.54,48.01,29.7,0.0,39.139,97.8,0.5343,0.0,45.7,0.0,0,IDLE_CREEP,0,UP,OFF,13.18,32.1,32.0,31.8,31.9
09:48:46,3rd Gear,3,25,2018,49.55,48.03,29.7,0.0,39.139,97.8,0.535,0.0,45.7,0.0,0,IDLE_CREEP,0,UP,OFF,13.18,32.1,32.0,31.8,31.9
09:48:46,3rd Gear,3,25,2018,49.56,48.05,29.7,0.0,39.139,97.8,0.5357,0.0,45.7,0.0,0,IDLE_CREEP,0,UP,OFF,13.18,32.1,32.0,31.8,31.9
09:48:46,3rd Gear,3,25,2018,49.57,48.08,29.7,0.0,39.139,97.8,0.5364,0.0,45.7,0.0,0,IDLE_CREEP,0,UP,OFF,13.18,32.1,32.0,31.8,31.9
09:48:46,3rd Gear,3,25,2018,49.59,48.1,29.7,0.0,39.139,97.8,0.5371,0.0,45.7,0.0,0,IDLE_CREEP,0,UP,OFF,13.18,32.1,32.0,31.8,31.9
09:48:47,3rd Gear,3,25,2018,49.6,48.12,29.7,0.0,39.139,97.8,0.5378,0.0,45.7,0.0,0,IDLE_CREEP,0,UP,OFF,13.18,32.1,32.0,31.8,31.9
09:48:47,3rd Gear,3,25,2018,49.61,48.15,29.7,0.0,39.139,97.8,0.5385,0.0,45.7,0.0,0,IDLE_CREEP,0,UP,OFF,13.18,32.1,32.0,31.8,31.9
09:48:47,3rd Gear,3,25,2018,49.62,48.17,29.7,0.0,39.139,97.8,0.5392,0.0,45.7,0.0,0,IDLE_CREEP,0,UP,OFF,13.18,32.1,32.0,31.8,31.9
09:48:47,3rd Gear,3,25,2018,49.63,48.19,29.7,0.0,39.139,97.8,0.5399,0.0,45.7,0.0,0,IDLE_CREEP,0,UP,OFF,13.19,32.1,32.0,31.8,31.9
09:48:47,3rd Gear,3,25,2018,49.64,48.21,29.7,0.0,39.139,97.8,0.5406,0.0,45.7,0.0,0,IDLE_CREEP,0,UP,OFF,13.19,32.1,32.0,31.8,31.9
09:48:47,3rd Gear,3,25,2018,49.65,48.24,29.7,0.0,39.139,97.8,0.5413,0.0,45.7,0.0,0,IDLE_CREEP,0,UP,OFF,13.19,32.1,32.0,31.8,31.9
09:48:47,3rd Gear,3,25,2018,49.66,48.26,29.7,0.0,39.139,97.8,0.542,0.0,45.7,0.0,0,IDLE_CREEP,0,UP,OFF,13.19,32.1,32.0,31.8,31.9
09:48:48,3rd Gear,3,25,2018,49.67,48.28,29.7,0.0,39.139,97.8,0.5426,0.0,45.7,0.0,0,IDLE_CREEP,0,UP,OFF,13.19,32.1,32.0,31.8,31.9
09:48:48,3rd Gear,3,25,2018,49.68,48.31,29.7,0.0,39.139,97.8,0.5433,0.0,45.7,0.0,0,IDLE_CREEP,0,UP,OFF,13.19,32.1,32.0,31.8,31.9
09:48:48,3rd Gear,3,25,2018,49.69,48.33,29.7,0.0,39.139,97.8,0.544,0.0,45.7,0.0,0,IDLE_CREEP,0,UP,OFF,13.19,32.1,32.0,31.8,31.9
09:48:48,3rd Gear,3,25,2018,49.7,48.35,29.7,0.0,39.139,97.8,0.5447,0.0,45.7,0.0,0,IDLE_CREEP,0,UP,OFF,13.19,32.1,32.0,31.8,31.9
09:48:48,3rd Gear,3,25,2018,49.71,48.37,29.7,0.0,39.139,97.8,0.5454,0.0,45.7,0.0,0,IDLE_CREEP,0,UP,OFF,13.19,32.1,32.0,31.8,31.9
09:48:48,3rd Gear,3,25,2018,49.72,48.4,29.7,0.0,39.139,97.8,0.5461,0.0,45.7,0.0,0,IDLE_CREEP,0,UP,OFF,13.19,32.1,32.0,31.8,31.9
09:48:48,3rd Gear,3,25,2018,49.73,48.42,29.7,0.0,39.139,97.8,0.5468,0.0,45.7,0.0,0,IDLE_CREEP,0,UP,OFF,13.2,32.1,32.0,31.8,31.9
09:48:49,3rd Gear,3,25,2018,49.74,48.44,29.7,0.0,39.139,97.8,0.5475,0.0,45.7,0.0,0,IDLE_CREEP,0,UP,OFF,13.2,32.1,32.0,31.8,31.9
09:48:49,3rd Gear,3,25,2018,49.75,48.46,29.7,0.0,39.139,97.8,0.5482,0.0,45.7,0.0,0,IDLE_CREEP,0,UP,OFF,13.2,32.1,32.0,31.8,31.9
09:48:49,3rd Gear,3,25,2018,49.76,48.49,29.7,0.0,39.139,97.8,0.5489,0.0,45.7,0.0,0,IDLE_CREEP,0,UP,OFF,13.2,32.1,32.0,31.8,31.9
09:48:49,3rd Gear,3,25,2018,49.77,48.51,29.7,0.0,39.139,97.8,0.5496,0.0,45.7,0.0,0,IDLE_CREEP,0,UP,OFF,13.2,32.1,32.0,31.8,31.9
09:48:49,3rd Gear,3,25,2018,49.77,48.53,29.7,0.0,39.139,97.8,0.5503,0.0,45.7,0.0,0,IDLE_CREEP,0,UP,OFF,13.2,32.1,32.0,31.8,31.9
09:48:49,3rd Gear,3,25,2018,49.78,48.55,29.7,0.0,39.139,97.8,0.551,0.0,45.7,0.0,0,IDLE_CREEP,0,UP,OFF,13.2,32.1,32.0,31.8,31.9
09:48:49,3rd Gear,3,25,2018,49.79,48.58,29.7,0.0,39.139,97.8,0.5517,0.0,45.7,0.0,0,IDLE_CREEP,0,UP,OFF,13.2,32.1,32.0,31.8,31.9
09:48:50,3rd Gear,3,25,2018,49.8,48.6,29.7,0.0,39.139,97.8,0.5524,0.0,45.7,0.0,0,IDLE_CREEP,0,UP,OFF,13.2,32.1,32.0,31.8,31.9
09:48:50,3rd Gear,3,25,2018,49.81,48.62,29.7,0.0,39.139,97.8,0.5531,0.0,45.7,0.0,0,IDLE_CREEP,0,UP,OFF,13.2,32.1,32.0,31.8,31.9
09:48:50,3rd Gear,3,25,2018,49.82,48.64,29.7,0.0,39.139,97.8,0.5538,0.0,45.7,0.0,0,IDLE_CREEP,0,UP,OFF,13.21,32.1,32.0,31.8,31.9
09:48:50,3rd Gear,3,25,2018,49.83,48.67,29.7,0.0,39.139,97.8,0.5545,0.0,45.7,0.0,0,IDLE_CREEP,0,UP,OFF,13.21,32.1,32.0,31.8,31.9
09:48:50,3rd Gear,3,25,2018,49.84,48.69,29.7,0.0,39.139,97.8,0.5551,0.0,45.7,0.0,0,IDLE_CREEP,0,UP,OFF,13.21,32.1,32.0,31.8,31.9
09:48:50,3rd Gear,3,25,2018,49.85,48.71,29.7,0.0,39.139,97.8,0.5558,0.0,45.7,0.0,0,IDLE_CREEP,0,UP,OFF,13.21,32.1,32.0,31.8,31.9
09:48:50,3rd Gear,3,25,2018,49.86,48.73,29.7,0.0,39.139,97.8,0.5565,0.0,45.7,0.0,0,IDLE_CREEP,0,UP,OFF,13.21,32.1,32.0,31.8,31.9
09:48:51,3rd Gear,3,25,2018,49.87,48.76,29.7,0.0,39.139,97.8,0.5572,0.0,45.7,0.0,0,IDLE_CREEP,0,UP,OFF,13.21,32.1,32.0,31.8,31.9
09:48:51,3rd Gear,3,25,2018,49.88,48.78,29.7,0.0,39.139,97.8,0.5579,0.0,45.7,0.0,0,IDLE_CREEP,0,UP,OFF,13.21,32.1,32.0,31.8,31.9
09:48:51,3rd Gear,3,25,2018,49.89,48.8,29.7,0.0,39.139,97.8,0.5586,0.0,45.7,0.0,0,IDLE_CREEP,0,UP,OFF,13.21,32.1,32.0,31.8,31.9
09:48:51,3rd Gear,3,25,2018,49.9,48.82,29.7,0.0,39.139,97.8,0.5593,0.0,45.7,0.0,0,IDLE_CREEP,0,UP,OFF,13.21,32.1,32.0,31.8,31.9
09:48:51,3rd Gear,3,25,2018,49.91,48.85,29.7,0.0,39.139,97.8,0.56,0.0,45.7,0.0,0,IDLE_CREEP,0,UP,OFF,13.21,32.1,32.0,31.8,31.9
09:48:51,3rd Gear,3,25,2018,49.92,48.87,29.7,0.0,39.139,97.8,0.5607,0.0,45.7,0.0,0,IDLE_CREEP,0,UP,OFF,13.22,32.1,32.0,31.8,31.9
09:48:52,3rd Gear,3,25,2018,49.93,48.89,29.7,0.0,39.139,97.8,0.5614,0.0,45.7,0.0,0,IDLE_CREEP,0,UP,OFF,13.22,32.1,32.0,31.8,31.9
09:48:52,3rd Gear,3,25,2018,49.94,48.91,29.7,0.0,39.139,97.8,0.5621,0.0,45.7,0.0,0,IDLE_CREEP,0,UP,OFF,13.22,32.1,32.0,31.8,31.9
09:48:52,3rd Gear,3,25,2018,49.95,48.93,29.7,0.0,39.139,97.8,0.5628,0.0,45.7,0.0,0,IDLE_CREEP,0,UP,OFF,13.22,32.1,32.0,31.8,31.9
09:48:52,3rd Gear,3,25,2018,49.96,48.96,29.7,0.0,39.139,97.8,0.5635,0.0,45.7,0.0,0,IDLE_CREEP,0,UP,OFF,13.22,32.1,32.0,31.8,31.9
09:48:52,3rd Gear,3,25,2018,49.97,48.98,29.7,0.0,39.139,97.8,0.5642,0.0,45.7,0.0,0,IDLE_CREEP,0,UP,OFF,13.22,32.1,32.0,31.8,31.9
09:48:52,3rd Gear,3,25,2018,49.98,49.0,29.7,0.0,39.139,97.8,0.5649,0.0,45.7,0.0,0,IDLE_CREEP,0,UP,OFF,13.22,32.1,32.0,31.8,31.9
09:48:53,3rd Gear,3,25,2018,49.99,49.02,29.7,0.0,39.139,97.8,0.5656,0.0,45.7,0.0,0,IDLE_CREEP,0,UP,OFF,13.22,32.1,32.0,31.8,31.9
09:48:53,3rd Gear,3,25,2018,50.0,49.04,29.7,0.0,39.139,97.8,0.5663,0.0,45.7,0.0,0,IDLE_CREEP,0,UP,OFF,13.22,32.1,32.0,31.8,31.9
09:48:53,3rd Gear,3,25,2018,50.01,49.07,29.7,0.0,39.139,97.8,0.567,0.0,45.7,0.0,0,IDLE_CREEP,0,UP,OFF,13.22,32.1,32.0,31.8,31.9
09:48:53,3rd Gear,3,25,2018,50.02,49.09,29.7,0.0,39.139,97.8,0.5676,0.0,45.7,0.0,0,IDLE_CREEP,0,UP,OFF,13.23,32.1,32.0,31.8,31.9
09:48:53,3rd Gear,3,25,2018,50.03,49.11,29.7,0.0,39.139,97.8,0.5683,0.0,45.7,0.0,0,IDLE_CREEP,0,UP,OFF,13.23,32.1,32.0,31.8,31.9
09:48:53,3rd Gear,3,25,2018,50.04,49.13,29.7,0.0,39.139,97.8,0.569,0.0,45.7,0.0,0,IDLE_CREEP,0,UP,OFF,13.23,32.1,32.0,31.8,31.9
09:48:54,3rd Gear,3,25,2018,50.05,49.15,29.7,0.0,39.139,97.8,0.5697,0.0,45.7,0.0,0,IDLE_CREEP,0,UP,OFF,13.23,32.1,32.0,31.8,31.9
09:48:54,3rd Gear,3,25,2018,50.06,49.17,29.7,0.0,39.139,97.8,0.5704,0.0,45.7,0.0,0,IDLE_CREEP,0,UP,OFF,13.23,32.1,32.0,31.8,31.9
09:48:54,3rd Gear,3,25,2018,50.07,49.2,29.7,0.0,39.139,97.8,0.5711,0.0,45.7,0.0,0,IDLE_CREEP,0,UP,OFF,13.23,32.1,32.0,31.8,31.9
09:48:54,3rd Gear,3,25,2018,50.08,49.22,29.7,0.0,39.139,97.8,0.5718,0.0,45.7,0.0,0,IDLE_CREEP,0,UP,OFF,13.23,32.1,32.0,31.8,31.9
09:48:54,3rd Gear,3,25,2018,50.09,49.24,29.7,0.0,39.139,97.8,0.5725,0.0,45.7,0.0,0,IDLE_CREEP,0,UP,OFF,13.23,32.1,32.0,31.8,31.9
09:48:54,3rd Gear,3,25,2018,50.1,49.26,29.7,0.0,39.139,97.8,0.5732,0.0,45.7,0.0,0,IDLE_CREEP,0,UP,OFF,13.23,32.1,32.0,31.8,31.9
09:48:54,3rd Gear,3,25,2018,50.11,49.28,29.7,0.0,39.139,97.8,0.5739,0.0,45.7,0.0,0,IDLE_CREEP,0,UP,OFF,13.23,32.1,32.0,31.8,31.9
09:48:55,3rd Gear,3,25,2018,50.12,49.31,29.7,0.0,39.139,97.8,0.5746,0.0,45.7,0.0,0,IDLE_CREEP,0,UP,OFF,13.24,32.1,32.0,31.8,31.9
09:48:55,3rd Gear,3,25,2018,50.13,49.33,29.7,0.0,39.139,97.8,0.5753,0.0,45.7,0.0,0,IDLE_CREEP,0,UP,OFF,13.24,32.1,32.0,31.8,31.9
09:48:55,3rd Gear,3,25,2018,50.13,49.35,29.7,0.0,39.139,97.8,0.576,0.0,45.7,0.0,0,IDLE_CREEP,0,UP,OFF,13.24,32.1,32.0,31.8,31.9
09:48:55,3rd Gear,3,25,2018,50.14,49.37,29.7,0.0,39.139,97.8,0.5767,0.0,45.7,0.0,0,IDLE_CREEP,0,UP,OFF,13.24,32.1,32.0,31.8,31.9
09:48:55,3rd Gear,3,25,2018,50.15,49.39,29.7,0.0,39.139,97.8,0.5774,0.0,45.7,0.0,0,IDLE_CREEP,0,UP,OFF,13.24,32.1,32.0,31.8,31.9
09:48:55,3rd Gear,3,25,2018,50.16,49.41,29.7,0.0,39.139,97.8,0.5781,0.0,45.7,0.0,0,IDLE_CREEP,0,UP,OFF,13.24,32.1,32.0,31.8,31.9
09:48:55,3rd Gear,3,25,2018,50.17,49.43,29.7,0.0,39.139,97.8,0.5788,0.0,45.7,0.0,0,IDLE_CREEP,0,UP,OFF,13.24,32.1,32.0,31.8,31.9
09:48:56,3rd Gear,3,25,2018,50.18,49.46,29.7,0.0,39.139,97.8,0.5795,0.0,45.7,0.0,0,IDLE_CREEP,0,UP,OFF,13.24,32.1,32.0,31.8,31.9
09:48:56,3rd Gear,3,25,2018,50.19,49.48,29.7,0.0,39.139,97.8,0.5801,0.0,45.7,0.0,0,IDLE_CREEP,0,UP,OFF,13.24,32.1,32.0,31.8,31.9
09:48:56,3rd Gear,3,25,2018,50.2,49.5,29.7,0.0,39.139,97.8,0.5808,0.0,45.7,0.0,0,IDLE_CREEP,0,UP,OFF,13.24,32.1,32.0,31.8,31.9
09:48:56,3rd Gear,3,25,2018,50.21,49.52,29.7,0.0,39.139,97.8,0.5815,0.0,45.7,0.0,0,IDLE_CREEP,0,UP,OFF,13.25,32.1,32.0,31.8,31.9
09:48:56,3rd Gear,3,25,2018,50.22,49.54,29.7,0.0,39.139,97.8,0.5822,0.0,45.7,0.0,0,IDLE_CREEP,0,UP,OFF,13.25,32.1,32.0,31.8,31.9
09:48:56,3rd Gear,3,25,2018,50.23,49.56,29.7,0.0,39.139,97.8,0.5829,0.0,45.7,0.0,0,IDLE_CREEP,0,UP,OFF,13.25,32.1,32.0,31.8,31.9
09:48:56,3rd Gear,3,25,2018,50.24,49.58,29.7,0.0,39.139,97.8,0.5836,0.0,45.7,0.0,0,IDLE_CREEP,0,UP,OFF,13.25,32.1,32.0,31.8,31.9
09:48:56,3rd Gear,3,25,2018,50.25,49.61,29.7,0.0,39.139,97.8,0.5843,0.0,45.7,0.0,0,IDLE_CREEP,0,UP,OFF,13.25,32.1,32.0,31.8,31.9
09:48:57,3rd Gear,3,25,2018,50.26,49.63,29.7,0.0,39.139,97.8,0.585,0.0,45.7,0.0,0,IDLE_CREEP,0,UP,OFF,13.25,32.1,32.0,31.8,31.9
09:48:57,3rd Gear,3,25,2018,50.27,49.65,29.7,0.0,39.139,97.8,0.5857,0.0,45.7,0.0,0,IDLE_CREEP,0,UP,OFF,13.25,32.1,32.0,31.8,31.9
09:48:57,3rd Gear,3,25,2018,50.28,49.67,29.7,0.0,39.139,97.8,0.5864,0.0,45.7,0.0,0,IDLE_CREEP,0,UP,OFF,13.25,32.1,32.0,31.8,31.9
09:48:57,3rd Gear,3,25,2018,50.29,49.69,29.7,0.0,39.139,97.8,0.5871,0.0,45.7,0.0,0,IDLE_CREEP,0,UP,OFF,13.25,32.1,32.0,31.8,31.9
09:48:57,3rd Gear,3,25,2018,50.3,49.71,29.7,0.0,39.139,97.8,0.5878,0.0,45.7,0.0,0,IDLE_CREEP,0,UP,OFF,13.25,32.1,32.0,31.8,31.9
09:48:57,3rd Gear,3,25,2018,50.3,49.73,29.7,0.0,39.139,97.8,0.5885,0.0,45.7,0.0,0,IDLE_CREEP,0,UP,OFF,13.26,32.1,32.0,31.8,31.9
09:48:57,3rd Gear,3,25,2018,50.31,49.75,29.7,0.0,39.139,97.8,0.5892,0.0,45.7,0.0,0,IDLE_CREEP,0,UP,OFF,13.26,32.1,32.0,31.8,31.9
09:48:58,3rd Gear,3,25,2018,50.32,49.78,29.7,0.0,39.139,97.8,0.5899,0.0,45.7,0.0,0,IDLE_CREEP,0,UP,OFF,13.26,32.1,32.0,31.8,31.9
09:48:58,3rd Gear,3,25,2018,50.33,49.8,29.7,0.0,39.139,97.8,0.5906,0.0,45.7,0.0,0,IDLE_CREEP,0,UP,OFF,13.26,32.1,32.0,31.8,31.9
09:48:58,3rd Gear,3,25,2018,50.34,49.82,29.7,0.0,39.139,97.8,0.5913,0.0,45.7,0.0,0,IDLE_CREEP,0,UP,OFF,13.26,32.1,32.0,31.8,31.9
09:48:58,3rd Gear,3,25,2018,50.35,49.84,29.7,0.0,39.139,97.8,0.592,0.0,45.7,0.0,0,IDLE_CREEP,0,UP,OFF,13.26,32.1,32.0,31.8,31.9
09:48:58,3rd Gear,3,25,2018,50.36,49.86,29.7,0.0,39.139,97.8,0.5926,0.0,45.7,0.0,0,IDLE_CREEP,0,UP,OFF,13.26,32.1,32.0,31.8,31.9
09:48:58,3rd Gear,3,25,2018,50.37,49.88,29.7,0.0,39.139,97.8,0.5933,0.0,45.7,0.0,0,IDLE_CREEP,0,UP,OFF,13.26,32.1,32.0,31.8,31.9
09:48:58,3rd Gear,3,25,2018,50.38,49.9,29.7,0.0,39.139,97.8,0.594,0.0,45.7,0.0,0,IDLE_CREEP,0,UP,OFF,13.26,32.1,32.0,31.8,31.9
09:48:59,3rd Gear,3,25,2018,50.39,49.92,29.7,0.0,39.139,97.8,0.5947,0.0,45.7,0.0,0,IDLE_CREEP,0,UP,OFF,13.26,32.1,32.0,31.8,31.9
09:48:59,3rd Gear,3,25,2018,50.4,49.94,29.7,0.0,39.139,97.8,0.5954,0.0,45.7,0.0,0,IDLE_CREEP,0,UP,OFF,13.27,32.1,32.0,31.8,31.9
09:48:59,3rd Gear,3,25,2018,50.41,49.96,29.7,0.0,39.139,97.8,0.5961,0.0,45.7,0.0,0,IDLE_CREEP,0,UP,OFF,13.27,32.1,32.0,31.8,31.9
09:48:59,3rd Gear,3,25,2018,50.42,49.99,29.7,0.0,39.139,97.8,0.5968,0.0,45.7,0.0,0,IDLE_CREEP,0,UP,OFF,13.27,32.1,32.0,31.8,31.9
09:48:59,3rd Gear,3,25,2018,50.43,50.01,29.7,0.0,39.139,97.8,0.5975,0.0,45.7,0.0,0,IDLE_CREEP,0,UP,OFF,13.27,32.1,32.0,31.8,31.9
09:48:59,3rd Gear,3,25,2018,50.44,50.03,29.7,0.0,39.139,97.8,0.5982,0.0,45.7,0.0,0,IDLE_CREEP,0,UP,OFF,13.27,32.1,32.0,31.8,31.9
09:48:59,3rd Gear,3,25,2018,50.44,50.05,29.7,0.0,39.139,97.8,0.5989,0.0,45.7,0.0,0,IDLE_CREEP,0,UP,OFF,13.27,32.1,32.0,31.8,31.9
09:49:00,3rd Gear,3,25,2018,50.45,50.07,29.7,0.0,39.139,97.8,0.5996,0.0,45.7,0.0,0,IDLE_CREEP,0,UP,OFF,13.27,32.1,32.0,31.8,31.9
09:49:00,3rd Gear,3,25,2018,50.46,50.09,29.7,0.0,39.139,97.8,0.6003,0.0,45.7,0.0,0,IDLE_CREEP,0,UP,OFF,13.27,32.1,32.0,31.8,31.9
09:49:00,3rd Gear,3,25,2018,50.47,50.11,29.7,0.0,39.139,97.8,0.601,0.0,45.7,0.0,0,IDLE_CREEP,0,UP,OFF,13.27,32.1,32.0,31.8,31.9
09:49:00,3rd Gear,3,25,2018,50.48,50.13,29.7,0.0,39.139,97.8,0.6017,0.0,45.7,0.0,0,IDLE_CREEP,0,UP,OFF,13.27,32.1,32.0,31.8,31.9
09:49:00,3rd Gear,3,25,2018,50.49,50.15,29.7,0.0,39.139,97.8,0.6024,0.0,45.7,0.0,0,IDLE_CREEP,0,UP,OFF,13.28,32.1,32.0,31.8,31.9
09:49:00,3rd Gear,3,25,2018,50.5,50.17,29.7,0.0,39.139,97.8,0.6031,0.0,45.7,0.0,0,IDLE_CREEP,0,UP,OFF,13.28,32.1,32.0,31.8,31.9
09:49:00,3rd Gear,3,25,2018,50.51,50.19,29.7,0.0,39.139,97.8,0.6038,0.0,45.7,0.0,0,IDLE_CREEP,0,UP,OFF,13.28,32.1,32.0,31.8,31.9
09:49:00,3rd Gear,3,25,2018,50.52,50.21,29.7,0.0,39.139,97.8,0.6045,0.0,45.7,0.0,0,IDLE_CREEP,0,UP,OFF,13.28,32.1,32.0,31.8,31.9
09:49:01,3rd Gear,3,25,2018,50.53,50.23,29.7,0.0,39.139,97.8,0.6051,0.0,45.7,0.0,0,IDLE_CREEP,0,UP,OFF,13.28,32.1,32.0,31.8,31.9
09:49:01,3rd Gear,3,25,2018,50.54,50.26,29.7,0.0,39.139,97.8,0.6058,0.0,45.7,0.0,0,IDLE_CREEP,0,UP,OFF,13.28,32.1,32.0,31.8,31.9
09:49:01,3rd Gear,3,25,2018,50.55,50.28,29.7,0.0,39.139,97.8,0.6065,0.0,45.7,0.0,0,IDLE_CREEP,0,UP,OFF,13.28,32.1,32.0,31.8,31.9
09:49:01,3rd Gear,3,25,2018,50.55,50.3,29.7,0.0,39.139,97.8,0.6072,0.0,45.7,0.0,0,IDLE_CREEP,0,UP,OFF,13.28,32.1,32.0,31.8,31.9
09:49:01,3rd Gear,3,25,2018,50.56,50.32,29.7,0.0,39.139,97.8,0.6079,0.0,45.7,0.0,0,IDLE_CREEP,0,UP,OFF,13.28,32.1,32.0,31.8,31.9
09:49:01,3rd Gear,3,25,2018,50.57,50.34,29.7,0.0,39.139,97.8,0.6086,0.0,45.7,0.0,0,IDLE_CREEP,0,UP,OFF,13.28,32.1,32.0,31.8,31.9
09:49:01,3rd Gear,3,25,2018,50.58,50.36,29.7,0.0,39.139,97.8,0.6093,0.0,45.7,0.0,0,IDLE_CREEP,0,UP,OFF,13.29,32.1,32.0,31.8,31.9
09:49:02,3rd Gear,3,25,2018,50.59,50.38,29.7,0.0,39.139,97.8,0.61,0.0,45.7,0.0,0,IDLE_CREEP,0,UP,OFF,13.29,32.1,32.0,31.8,31.9
09:49:02,3rd Gear,3,25,2018,50.6,50.4,29.7,0.0,39.139,97.8,0.6107,0.0,45.7,0.0,0,IDLE_CREEP,0,UP,OFF,13.29,32.1,32.0,31.8,31.9
09:49:02,3rd Gear,3,25,2018,50.61,50.42,29.7,0.0,39.139,97.8,0.6114,0.0,45.7,0.0,0,IDLE_CREEP,0,UP,OFF,13.29,32.1,32.0,31.8,31.9
09:49:02,3rd Gear,3,25,2018,50.62,50.44,29.7,0.0,39.139,97.8,0.6121,0.0,45.7,0.0,0,IDLE_CREEP,0,UP,OFF,13.29,32.1,32.0,31.8,31.9
09:49:02,3rd Gear,3,25,2018,50.63,50.46,29.7,0.0,39.139,97.8,0.6128,0.0,45.7,0.0,0,IDLE_CREEP,0,UP,OFF,13.29,32.1,32.0,31.8,31.9
09:49:02,3rd Gear,3,25,2018,50.64,50.48,29.7,0.0,39.139,97.8,0.6135,0.0,45.7,0.0,0,IDLE_CREEP,0,UP,OFF,13.29,32.1,32.0,31.8,31.9
09:49:02,3rd Gear,3,25,2018,50.65,50.5,29.7,0.0,39.139,97.8,0.6142,0.0,45.7,0.0,0,IDLE_CREEP,0,UP,OFF,13.29,32.1,32.0,31.8,31.9
09:49:02,3rd Gear,3,25,2018,50.65,50.52,29.7,0.0,39.139,97.8,0.6149,0.0,45.7,0.0,0,IDLE_CREEP,0,UP,OFF,13.29,32.1,32.0,31.8,31.9
09:49:03,3rd Gear,3,25,2018,50.66,50.54,29.7,0.0,39.139,97.8,0.6156,0.0,45.7,0.0,0,IDLE_CREEP,0,UP,OFF,13.29,32.1,32.0,31.8,31.9
09:49:03,3rd Gear,3,25,2018,50.67,50.56,29.7,0.0,39.139,97.8,0.6163,0.0,45.7,0.0,0,IDLE_CREEP,0,UP,OFF,13.3,32.1,32.0,31.8,31.9
09:49:03,3rd Gear,3,25,2018,50.68,50.58,29.7,0.0,39.139,97.8,0.617,0.0,45.7,0.0,0,IDLE_CREEP,0,UP,OFF,13.3,32.1,32.0,31.8,31.9
09:49:03,3rd Gear,3,25,2018,50.69,50.6,29.7,0.0,39.139,97.8,0.6176,0.0,45.7,0.0,0,IDLE_CREEP,0,UP,OFF,13.3,32.1,32.0,31.8,31.9
09:49:03,3rd Gear,3,25,2018,50.7,50.62,29.7,0.0,39.139,97.8,0.6183,0.0,45.7,0.0,0,IDLE_CREEP,0,UP,OFF,13.3,32.1,32.0,31.8,31.9
09:49:03,3rd Gear,3,25,2018,50.71,50.64,29.7,0.0,39.139,97.8,0.619,0.0,45.7,0.0,0,IDLE_CREEP,0,UP,OFF,13.3,32.1,32.0,31.8,31.9
09:49:03,3rd Gear,3,25,2018,50.72,50.66,29.7,0.0,39.139,97.8,0.6197,0.0,45.7,0.0,0,IDLE_CREEP,0,UP,OFF,13.3,32.1,32.0,31.8,31.9
09:49:04,3rd Gear,3,25,2018,50.73,50.68,29.7,0.0,39.139,97.8,0.6204,0.0,45.7,0.0,0,IDLE_CREEP,0,UP,OFF,13.3,32.1,32.0,31.8,31.9
09:49:04,3rd Gear,3,25,2018,50.73,50.7,29.7,0.0,39.139,97.8,0.6211,0.0,45.7,0.0,0,IDLE_CREEP,0,UP,OFF,13.3,32.1,32.0,31.8,31.9
09:49:04,3rd Gear,3,25,2018,50.74,50.72,29.7,0.0,39.139,97.8,0.6218,0.0,45.7,0.0,0,IDLE_CREEP,0,UP,OFF,13.3,32.1,32.0,31.8,31.9
09:49:04,3rd Gear,3,25,2018,50.75,50.74,29.7,0.0,39.139,97.8,0.6225,0.0,45.7,0.0,0,IDLE_CREEP,0,UP,OFF,13.3,32.1,32.0,31.8,31.9
09:49:04,3rd Gear,3,25,2018,50.76,50.76,29.7,0.0,39.139,97.8,0.6232,0.0,45.7,0.0,0,IDLE_CREEP,0,UP,OFF,13.31,32.1,32.0,31.8,31.9
09:49:04,3rd Gear,3,25,2018,50.77,50.78,29.7,0.0,39.139,97.8,0.6239,0.0,45.7,0.0,0,IDLE_CREEP,0,UP,OFF,13.31,32.1,32.0,31.8,31.9
09:49:04,3rd Gear,3,25,2018,50.78,50.8,29.7,0.0,39.139,97.8,0.6246,0.0,45.7,0.0,0,IDLE_CREEP,0,UP,OFF,13.31,32.1,32.0,31.8,31.9
09:49:05,3rd Gear,3,25,2018,50.79,50.82,29.7,0.0,39.139,97.8,0.6253,0.0,45.7,0.0,0,IDLE_CREEP,0,UP,OFF,13.31,32.1,32.0,31.8,31.9
09:49:05,3rd Gear,3,25,2018,50.8,50.84,29.7,0.0,39.139,97.8,0.626,0.0,45.7,0.0,0,IDLE_CREEP,0,UP,OFF,13.31,32.1,32.0,31.8,31.9
09:49:05,3rd Gear,3,25,2018,50.81,50.86,29.7,0.0,39.139,97.8,0.6267,0.0,45.7,0.0,0,IDLE_CREEP,0,UP,OFF,13.31,32.1,32.0,31.8,31.9
09:49:05,3rd Gear,3,25,2018,50.82,50.88,29.7,0.0,39.139,97.8,0.6274,0.0,45.7,0.0,0,IDLE_CREEP,0,UP,OFF,13.31,32.1,32.0,31.8,31.9
09:49:05,3rd Gear,3,25,2018,50.82,50.9,29.7,0.0,39.139,97.8,0.6281,0.0,45.7,0.0,0,IDLE_CREEP,0,UP,OFF,13.31,32.1,32.0,31.8,31.9
09:49:05,3rd Gear,3,25,2018,50.83,50.92,29.7,0.0,39.139,97.8,0.6288,0.0,45.7,0.0,0,IDLE_CREEP,0,UP,OFF,13.31,32.1,32.0,31.8,31.9
09:49:05,3rd Gear,3,25,2018,50.84,50.94,29.7,0.0,39.139,97.8,0.6295,0.0,45.7,0.0,0,IDLE_CREEP,0,UP,OFF,13.31,32.1,32.0,31.8,31.9
09:49:05,3rd Gear,3,25,2018,50.85,50.96,29.7,0.0,39.139,97.8,0.6301,0.0,45.7,0.0,0,IDLE_CREEP,0,UP,OFF,13.32,32.1,32.0,31.8,31.9
09:49:06,3rd Gear,3,25,2018,50.86,50.98,29.7,0.0,39.139,97.8,0.6308,0.0,45.7,0.0,0,IDLE_CREEP,0,UP,OFF,13.32,32.1,32.0,31.8,31.9
09:49:06,3rd Gear,3,25,2018,50.87,51.0,29.7,0.0,39.139,97.8,0.6315,0.0,45.7,0.0,0,IDLE_CREEP,0,UP,OFF,13.32,32.1,32.0,31.8,31.9
09:49:06,3rd Gear,3,25,2018,50.88,51.02,29.7,0.0,39.139,97.8,0.6322,0.0,45.7,0.0,0,IDLE_CREEP,0,UP,OFF,13.32,32.1,32.0,31.8,31.9
09:49:06,3rd Gear,3,25,2018,50.89,51.04,29.7,0.0,39.139,97.8,0.6329,0.0,45.7,0.0,0,IDLE_CREEP,0,UP,OFF,13.32,32.1,32.0,31.8,31.9
09:49:06,3rd Gear,3,25,2018,50.89,51.06,29.7,0.0,39.139,97.8,0.6336,0.0,45.7,0.0,0,IDLE_CREEP,0,UP,OFF,13.32,32.1,32.0,31.8,31.9
09:49:06,3rd Gear,3,25,2018,50.9,51.08,29.7,0.0,39.139,97.8,0.6343,0.0,45.7,0.0,0,IDLE_CREEP,0,UP,OFF,13.32,32.1,32.0,31.8,31.9
09:49:06,3rd Gear,3,25,2018,50.91,51.1,29.7,0.0,39.139,97.8,0.635,0.0,45.7,0.0,0,IDLE_CREEP,0,UP,OFF,13.32,32.1,32.0,31.8,31.9
09:49:07,3rd Gear,3,25,2018,50.92,51.12,29.7,0.0,39.139,97.8,0.6357,0.0,45.7,0.0,0,IDLE_CREEP,0,UP,OFF,13.32,32.1,32.0,31.8,31.9
09:49:07,3rd Gear,3,25,2018,50.93,51.14,29.7,0.0,39.139,97.8,0.6364,0.0,45.7,0.0,0,IDLE_CREEP,0,UP,OFF,13.32,32.1,32.0,31.8,31.9
09:49:07,3rd Gear,3,25,2018,50.94,51.16,29.7,0.0,39.139,97.8,0.6371,0.0,45.7,0.0,0,IDLE_CREEP,0,UP,OFF,13.33,32.1,32.0,31.8,31.9
09:49:07,3rd Gear,3,25,2018,50.95,51.18,29.7,0.0,39.139,97.8,0.6378,0.0,45.7,0.0,0,IDLE_CREEP,0,UP,OFF,13.33,32.1,32.0,31.8,31.9
09:49:07,3rd Gear,3,25,2018,50.96,51.2,29.7,0.0,39.139,97.8,0.6385,0.0,45.7,0.0,0,IDLE_CREEP,0,UP,OFF,13.33,32.1,32.0,31.8,31.9
09:49:07,3rd Gear,3,25,2018,50.96,51.22,29.7,0.0,39.139,97.8,0.6392,0.0,45.7,0.0,0,IDLE_CREEP,0,UP,OFF,13.33,32.1,32.0,31.8,31.9
09:49:07,3rd Gear,3,25,2018,50.97,51.24,29.7,0.0,39.139,97.8,0.6399,0.0,45.7,0.0,0,IDLE_CREEP,0,UP,OFF,13.33,32.1,32.0,31.8,31.9
09:49:08,3rd Gear,3,25,2018,50.98,51.26,29.7,0.0,39.139,97.8,0.6406,0.0,45.7,0.0,0,IDLE_CREEP,0,UP,OFF,13.33,32.1,32.0,31.8,31.9
09:49:08,3rd Gear,3,25,2018,50.99,51.28,29.7,0.0,39.139,97.8,0.6413,0.0,45.7,0.0,0,IDLE_CREEP,0,UP,OFF,13.33,32.1,32.0,31.8,31.9
09:49:08,3rd Gear,3,25,2018,51.0,51.3,29.7,0.0,39.139,97.8,0.642,0.0,45.7,0.0,0,IDLE_CREEP,0,UP,OFF,13.33,32.1,32.0,31.8,31.9
09:49:08,3rd Gear,3,25,2018,51.01,51.32,29.7,0.0,39.139,97.8,0.6426,0.0,45.7,0.0,0,IDLE_CREEP,0,UP,OFF,13.33,32.1,32.0,31.8,31.9
09:49:08,3rd Gear,3,25,2018,51.02,51.33,29.7,0.0,39.139,97.8,0.6433,0.0,45.7,0.0,0,IDLE_CREEP,0,UP,OFF,13.33,32.1,32.0,31.8,31.9
09:49:08,3rd Gear,3,25,2018,51.03,51.35,29.7,0.0,39.139,97.8,0.644,0.0,45.7,0.0,0,IDLE_CREEP,0,UP,OFF,13.34,32.1,32.0,31.8,31.9
09:49:09,3rd Gear,3,25,2018,51.03,51.37,29.7,0.0,39.139,97.8,0.6447,0.0,45.7,0.0,0,IDLE_CREEP,0,UP,OFF,13.34,32.1,32.0,31.8,31.9
09:49:09,3rd Gear,3,25,2018,51.04,51.39,29.7,0.0,39.139,97.8,0.6454,0.0,45.7,0.0,0,IDLE_CREEP,0,UP,OFF,13.34,32.1,32.0,31.8,31.9
09:49:09,3rd Gear,3,25,2018,51.05,51.41,29.7,0.0,39.139,97.8,0.6461,0.0,45.7,0.0,0,IDLE_CREEP,0,UP,OFF,13.34,32.1,32.0,31.8,31.9
09:49:09,3rd Gear,3,25,2018,51.06,51.43,29.7,0.0,39.139,97.8,0.6468,0.0,45.7,0.0,0,IDLE_CREEP,0,UP,OFF,13.34,32.1,32.0,31.8,31.9
09:49:09,3rd Gear,3,25,2018,51.07,51.45,29.7,0.0,39.139,97.8,0.6475,0.0,45.7,0.0,0,IDLE_CREEP,0,UP,OFF,13.34,32.1,32.0,31.8,31.9
09:49:10,3rd Gear,3,25,2018,51.08,51.47,29.7,0.0,39.139,97.8,0.6482,0.0,45.7,0.0,0,IDLE_CREEP,0,UP,OFF,13.34,32.1,32.0,31.8,31.9
09:49:10,3rd Gear,3,25,2018,51.09,51.49,29.7,0.0,39.139,97.8,0.6489,0.0,45.7,0.0,0,IDLE_CREEP,0,UP,OFF,13.34,32.1,32.0,31.8,31.9
09:49:10,3rd Gear,3,25,2018,51.09,51.51,29.7,0.0,39.139,97.8,0.6496,0.0,45.7,0.0,0,IDLE_CREEP,0,UP,OFF,13.34,32.1,32.0,31.8,31.9
09:49:10,3rd Gear,3,25,2018,51.1,51.53,29.7,0.0,39.139,97.8,0.6503,0.0,45.7,0.0,0,IDLE_CREEP,0,UP,OFF,13.34,32.1,32.0,31.8,31.9
09:49:10,3rd Gear,3,25,2018,51.11,51.55,29.7,0.0,39.139,97.8,0.651,0.0,45.7,0.0,0,IDLE_CREEP,0,UP,OFF,13.35,32.1,32.0,31.8,31.9
09:49:11,3rd Gear,3,25,2018,51.12,51.57,29.7,0.0,39.139,97.8,0.6517,0.0,45.7,0.0,0,IDLE_CREEP,0,UP,OFF,13.35,32.1,32.0,31.8,31.9
09:49:11,3rd Gear,3,25,2018,51.13,51.58,29.7,0.0,39.139,97.8,0.6524,0.0,45.7,0.0,0,IDLE_CREEP,0,UP,OFF,13.35,32.1,32.0,31.8,31.9
09:49:11,3rd Gear,3,25,2018,51.14,51.6,29.7,0.0,39.139,97.8,0.6531,0.0,45.7,0.0,0,IDLE_CREEP,0,UP,OFF,13.35,32.1,32.0,31.8,31.9
09:49:11,3rd Gear,3,25,2018,51.15,51.62,29.7,0.0,39.139,97.8,0.6538,0.0,45.7,0.0,0,IDLE_CREEP,0,UP,OFF,13.35,32.1,32.0,31.8,31.9
09:49:11,3rd Gear,3,25,2018,51.15,51.64,29.7,0.0,39.139,97.8,0.6545,0.0,45.7,0.0,0,IDLE_CREEP,0,UP,OFF,13.35,32.1,32.0,31.8,31.9
09:49:11,3rd Gear,3,25,2018,51.16,51.66,29.7,0.0,39.139,97.8,0.6551,0.0,45.7,0.0,0,IDLE_CREEP,0,UP,OFF,13.35,32.1,32.0,31.8,31.9
09:49:12,3rd Gear,3,25,2018,51.17,51.68,29.7,0.0,39.139,97.8,0.6558,0.0,45.7,0.0,0,IDLE_CREEP,0,UP,OFF,13.35,32.1,32.0,31.8,31.9
09:49:12,3rd Gear,3,25,2018,51.18,51.7,29.7,0.0,39.139,97.8,0.6565,0.0,45.7,0.0,0,IDLE_CREEP,0,UP,OFF,13.35,32.1,32.0,31.8,31.9
09:49:12,3rd Gear,3,25,2018,51.19,51.72,29.7,0.0,39.139,97.8,0.6572,0.0,45.7,0.0,0,IDLE_CREEP,0,UP,OFF,13.35,32.1,32.0,31.8,31.9
09:49:12,3rd Gear,3,25,2018,51.2,51.74,29.7,0.0,39.139,97.8,0.6579,0.0,45.7,0.0,0,IDLE_CREEP,0,UP,OFF,13.36,32.1,32.0,31.8,31.9
09:49:12,3rd Gear,3,25,2018,51.2,51.76,29.7,0.0,39.139,97.8,0.6586,0.0,45.7,0.0,0,IDLE_CREEP,0,UP,OFF,13.36,32.1,32.0,31.8,31.9
09:49:12,3rd Gear,3,25,2018,51.21,51.77,29.7,0.0,39.139,97.8,0.6593,0.0,45.7,0.0,0,IDLE_CREEP,0,UP,OFF,13.36,32.1,32.0,31.8,31.9
09:49:13,3rd Gear,3,25,2018,51.22,51.79,29.7,0.0,39.139,97.8,0.66,0.0,45.7,0.0,0,IDLE_CREEP,0,UP,OFF,13.36,32.1,32.0,31.8,31.9
09:49:13,3rd Gear,3,25,2018,51.23,51.81,29.7,0.0,39.139,97.8,0.6607,0.0,45.7,0.0,0,IDLE_CREEP,0,UP,OFF,13.36,32.1,32.0,31.8,31.9
09:49:13,3rd Gear,3,25,2018,51.24,51.83,29.7,0.0,39.139,97.8,0.6614,0.0,45.7,0.0,0,IDLE_CREEP,0,UP,OFF,13.36,32.1,32.0,31.8,31.9
09:49:13,3rd Gear,3,25,2018,51.25,51.85,29.7,0.0,39.139,97.8,0.6621,0.0,45.7,0.0,0,IDLE_CREEP,0,UP,OFF,13.36,32.1,32.0,31.8,31.9
09:49:13,3rd Gear,3,25,2018,51.26,51.87,29.7,0.0,39.139,97.8,0.6628,0.0,45.7,0.0,0,IDLE_CREEP,0,UP,OFF,13.36,32.1,32.0,31.8,31.9
09:49:13,3rd Gear,3,25,2018,51.26,51.89,29.7,0.0,39.139,97.8,0.6635,0.0,45.7,0.0,0,IDLE_CREEP,0,UP,OFF,13.36,32.1,32.0,31.8,31.9
09:49:13,3rd Gear,3,25,2018,51.27,51.91,29.7,0.0,39.139,97.8,0.6642,0.0,45.7,0.0,0,IDLE_CREEP,0,UP,OFF,13.36,32.1,32.0,31.8,31.9
09:49:14,3rd Gear,3,25,2018,51.28,51.93,29.7,0.0,39.139,97.8,0.6649,0.0,45.7,0.0,0,IDLE_CREEP,0,UP,OFF,13.37,32.1,32.0,31.8,31.9
09:49:14,3rd Gear,3,25,2018,51.29,51.94,29.7,0.0,39.139,97.8,0.6656,0.0,45.7,0.0,0,IDLE_CREEP,0,UP,OFF,13.37,32.1,32.0,31.8,31.9
09:49:14,3rd Gear,3,25,2018,51.3,51.96,29.7,0.0,39.139,97.8,0.6663,0.0,45.7,0.0,0,IDLE_CREEP,0,UP,OFF,13.37,32.1,32.0,31.8,31.9
09:49:14,3rd Gear,3,25,2018,51.31,51.98,29.7,0.0,39.139,97.8,0.667,0.0,45.7,0.0,0,IDLE_CREEP,0,UP,OFF,13.37,32.1,32.0,31.8,31.9
09:49:14,3rd Gear,3,25,2018,51.31,52.0,29.7,0.0,39.139,97.8,0.6676,0.0,45.7,0.0,0,IDLE_CREEP,0,UP,OFF,13.37,32.1,32.0,31.8,31.9
09:49:14,3rd Gear,3,25,2018,51.32,52.02,29.7,0.0,39.139,97.8,0.6683,0.0,45.7,0.0,0,IDLE_CREEP,0,UP,OFF,13.37,32.1,32.0,31.8,31.9
09:49:14,3rd Gear,3,25,2018,51.33,52.04,29.7,0.0,39.139,97.8,0.669,0.0,45.7,0.0,0,IDLE_CREEP,0,UP,OFF,13.37,32.1,32.0,31.8,31.9
09:49:14,3rd Gear,3,25,2018,51.34,52.06,29.7,0.0,39.139,97.8,0.6697,0.0,45.7,0.0,0,IDLE_CREEP,0,UP,OFF,13.37,32.1,32.0,31.8,31.9
09:49:15,3rd Gear,3,25,2018,51.35,52.07,29.7,0.0,39.139,97.8,0.6704,0.0,45.7,0.0,0,IDLE_CREEP,0,UP,OFF,13.37,32.1,32.0,31.8,31.9
09:49:15,3rd Gear,3,25,2018,51.36,52.09,29.7,0.0,39.139,97.8,0.6711,0.0,45.7,0.0,0,IDLE_CREEP,0,UP,OFF,13.37,32.1,32.0,31.8,31.9
09:49:15,3rd Gear,3,25,2018,51.36,52.11,29.7,0.0,39.139,97.8,0.6718,0.0,45.7,0.0,0,IDLE_CREEP,0,UP,OFF,13.38,32.1,32.0,31.8,31.9
09:49:15,3rd Gear,3,25,2018,51.37,52.13,29.7,0.0,39.139,97.8,0.6725,0.0,45.7,0.0,0,IDLE_CREEP,0,UP,OFF,13.38,32.1,32.0,31.8,31.9
09:49:15,3rd Gear,3,25,2018,51.38,52.15,29.7,0.0,39.139,97.8,0.6732,0.0,45.7,0.0,0,IDLE_CREEP,0,UP,OFF,13.38,32.1,32.0,31.8,31.9
09:49:15,3rd Gear,3,25,2018,51.39,52.17,29.7,0.0,39.139,97.8,0.6739,0.0,45.7,0.0,0,IDLE_CREEP,0,UP,OFF,13.38,32.1,32.0,31.8,31.9
09:49:15,3rd Gear,3,25,2018,51.4,52.19,29.7,0.0,39.139,97.8,0.6746,0.0,45.7,0.0,0,IDLE_CREEP,0,UP,OFF,13.38,32.1,32.0,31.8,31.9
09:49:15,3rd Gear,3,25,2018,51.41,52.2,29.7,0.0,39.139,97.8,0.6753,0.0,45.7,0.0,0,IDLE_CREEP,0,UP,OFF,13.38,32.1,32.0,31.8,31.9
09:49:16,3rd Gear,3,25,2018,51.41,52.22,29.7,0.0,39.139,97.8,0.676,0.0,45.7,0.0,0,IDLE_CREEP,0,UP,OFF,13.38,32.1,32.0,31.8,31.9
09:49:16,3rd Gear,3,25,2018,51.42,52.24,29.7,0.0,39.139,97.8,0.6767,0.0,45.7,0.0,0,IDLE_CREEP,0,UP,OFF,13.38,32.1,32.0,31.8,31.9
09:49:16,3rd Gear,3,25,2018,51.43,52.26,29.7,0.0,39.139,97.8,0.6774,0.0,45.7,0.0,0,IDLE_CREEP,0,UP,OFF,13.38,32.1,32.0,31.8,31.9
09:49:16,3rd Gear,3,25,2018,51.44,52.28,29.7,0.0,39.139,97.8,0.6781,0.0,45.7,0.0,0,IDLE_CREEP,0,UP,OFF,13.38,32.1,32.0,31.8,31.9
09:49:16,3rd Gear,3,25,2018,51.45,52.3,29.7,0.0,39.139,97.8,0.6788,0.0,45.7,0.0,0,IDLE_CREEP,0,UP,OFF,13.39,32.1,32.0,31.8,31.9
09:49:16,3rd Gear,3,25,2018,51.46,52.31,29.7,0.0,39.139,97.8,0.6795,0.0,45.7,0.0,0,IDLE_CREEP,0,UP,OFF,13.39,32.1,32.0,31.8,31.9
09:49:16,3rd Gear,3,25,2018,51.46,52.33,29.7,0.0,39.139,97.8,0.6801,0.0,45.7,0.0,0,IDLE_CREEP,0,UP,OFF,13.39,32.1,32.0,31.8,31.9
09:49:17,3rd Gear,3,25,2018,51.47,52.35,29.7,0.0,39.139,97.8,0.6808,0.0,45.7,0.0,0,IDLE_CREEP,0,UP,OFF,13.39,32.1,32.0,31.8,31.9
09:49:17,3rd Gear,3,25,2018,51.48,52.37,29.7,0.0,39.139,97.8,0.6815,0.0,45.7,0.0,0,IDLE_CREEP,0,UP,OFF,13.39,32.1,32.0,31.8,31.9
09:49:17,3rd Gear,3,25,2018,51.49,52.39,29.7,0.0,39.139,97.8,0.6822,0.0,45.7,0.0,0,IDLE_CREEP,0,UP,OFF,13.39,32.1,32.0,31.8,31.9
09:49:17,3rd Gear,3,25,2018,51.5,52.41,29.7,0.0,39.139,97.8,0.6829,0.0,45.7,0.0,0,IDLE_CREEP,0,UP,OFF,13.39,32.1,32.0,31.8,31.9
09:49:17,3rd Gear,3,25,2018,51.5,52.42,29.7,0.0,39.139,97.8,0.6836,0.0,45.7,0.0,0,IDLE_CREEP,0,UP,OFF,13.39,32.1,32.0,31.8,31.9
09:49:17,3rd Gear,3,25,2018,51.51,52.44,29.7,0.0,39.139,97.8,0.6843,0.0,45.7,0.0,0,IDLE_CREEP,0,UP,OFF,13.39,32.1,32.0,31.8,31.9
09:49:17,3rd Gear,3,25,2018,51.52,52.46,29.7,0.0,39.139,97.8,0.685,0.0,45.7,0.0,0,IDLE_CREEP,0,UP,OFF,13.39,32.1,32.0,31.8,31.9
09:49:18,3rd Gear,3,25,2018,51.53,52.48,29.7,0.0,39.139,97.8,0.6857,0.0,45.7,0.0,0,IDLE_CREEP,0,UP,OFF,13.4,32.1,32.0,31.8,31.9
09:49:18,3rd Gear,3,25,2018,51.54,52.5,29.7,0.0,39.139,97.8,0.6864,0.0,45.7,0.0,0,IDLE_CREEP,0,UP,OFF,13.4,32.1,32.0,31.8,31.9
09:49:18,3rd Gear,3,25,2018,51.55,52.51,29.7,0.0,39.139,97.8,0.6871,0.0,45.7,0.0,0,IDLE_CREEP,0,UP,OFF,13.4,32.1,32.0,31.8,31.9
09:49:18,3rd Gear,3,25,2018,51.55,52.53,29.7,0.0,39.139,97.8,0.6878,0.0,45.7,0.0,0,IDLE_CREEP,0,UP,OFF,13.4,32.1,32.0,31.8,31.9
09:49:18,3rd Gear,3,25,2018,51.56,52.55,29.7,0.0,39.139,97.8,0.6885,0.0,45.7,0.0,0,IDLE_CREEP,0,UP,OFF,13.4,32.1,32.0,31.8,31.9
09:49:19,3rd Gear,3,25,2018,51.57,52.57,29.7,0.0,39.139,97.8,0.6892,0.0,45.7,0.0,0,IDLE_CREEP,0,UP,OFF,13.4,32.1,32.0,31.8,31.9
09:49:19,3rd Gear,3,25,2018,51.58,52.59,29.7,0.0,39.139,97.8,0.6899,0.0,45.7,0.0,0,IDLE_CREEP,0,UP,OFF,13.4,32.1,32.0,31.8,31.9
09:49:19,3rd Gear,3,25,2018,51.59,52.6,29.7,0.0,39.139,97.8,0.6906,0.0,45.7,0.0,0,IDLE_CREEP,0,UP,OFF,13.4,32.1,32.0,31.8,31.9
09:49:19,3rd Gear,3,25,2018,51.59,52.62,29.7,0.0,39.139,97.8,0.6913,0.0,45.7,0.0,0,IDLE_CREEP,0,UP,OFF,13.4,32.1,32.0,31.8,31.9
09:49:19,3rd Gear,3,25,2018,51.6,52.64,29.7,0.0,39.139,97.8,0.692,0.0,45.7,0.0,0,IDLE_CREEP,0,UP,OFF,13.4,32.1,32.0,31.8,31.9
09:49:19,3rd Gear,3,25,2018,51.61,52.66,29.7,0.0,39.139,97.8,0.6926,0.0,45.7,0.0,0,IDLE_CREEP,0,UP,OFF,13.41,32.1,32.0,31.8,31.9
09:49:19,3rd Gear,3,25,2018,51.62,52.68,29.7,0.0,39.139,97.8,0.6933,0.0,45.7,0.0,0,IDLE_CREEP,0,UP,OFF,13.41,32.1,32.0,31.8,31.9
09:49:20,3rd Gear,3,25,2018,51.63,52.69,29.7,0.0,39.139,97.8,0.694,0.0,45.7,0.0,0,IDLE_CREEP,0,UP,OFF,13.41,32.1,32.0,31.8,31.9
09:49:20,3rd Gear,3,25,2018,51.63,52.71,29.7,0.0,39.139,97.8,0.6947,0.0,45.7,0.0,0,IDLE_CREEP,0,UP,OFF,13.41,32.1,32.0,31.8,31.9
09:49:20,3rd Gear,3,25,2018,51.64,52.73,29.7,0.0,39.139,97.8,0.6954,0.0,45.7,0.0,0,IDLE_CREEP,0,UP,OFF,13.41,32.1,32.0,31.8,31.9
09:49:20,3rd Gear,3,25,2018,51.65,52.75,29.7,0.0,39.139,97.8,0.6961,0.0,45.7,0.0,0,IDLE_CREEP,0,UP,OFF,13.41,32.1,32.0,31.8,31.9
09:49:20,3rd Gear,3,25,2018,51.66,52.77,29.7,0.0,39.139,97.8,0.6968,0.0,45.7,0.0,0,IDLE_CREEP,0,UP,OFF,13.41,32.1,32.0,31.8,31.9
09:49:20,3rd Gear,3,25,2018,51.67,52.78,29.7,0.0,39.139,97.8,0.6975,0.0,45.7,0.0,0,IDLE_CREEP,0,UP,OFF,13.41,32.1,32.0,31.8,31.9
09:49:20,3rd Gear,3,25,2018,51.67,52.8,29.7,0.0,39.139,97.8,0.6982,0.0,45.7,0.0,0,IDLE_CREEP,0,UP,OFF,13.41,32.1,32.0,31.8,31.9
09:49:21,3rd Gear,3,25,2018,51.68,52.82,29.7,0.0,39.139,97.8,0.6989,0.0,45.7,0.0,0,IDLE_CREEP,0,UP,OFF,13.41,32.1,32.0,31.8,31.9
09:49:21,3rd Gear,3,25,2018,51.69,52.84,29.7,0.0,39.139,97.8,0.6996,0.0,45.7,0.0,0,IDLE_CREEP,0,UP,OFF,13.42,32.1,32.0,31.8,31.9
09:49:21,3rd Gear,3,25,2018,51.7,52.85,29.7,0.0,39.139,97.8,0.7003,0.0,45.7,0.0,0,IDLE_CREEP,0,UP,OFF,13.42,32.1,32.0,31.8,31.9
09:49:21,3rd Gear,3,25,2018,51.71,52.87,29.7,0.0,39.139,97.8,0.701,0.0,45.7,0.0,0,IDLE_CREEP,0,UP,OFF,13.42,32.1,32.0,31.8,31.9
09:49:21,3rd Gear,3,25,2018,51.71,52.89,29.7,0.0,39.139,97.8,0.7017,0.0,45.7,0.0,0,IDLE_CREEP,0,UP,OFF,13.42,32.1,32.0,31.8,31.9
09:49:21,3rd Gear,3,25,2018,51.72,52.91,29.7,0.0,39.139,97.8,0.7024,0.0,45.7,0.0,0,IDLE_CREEP,0,UP,OFF,13.42,32.1,32.0,31.8,31.9
09:49:21,3rd Gear,3,25,2018,51.73,52.93,29.7,0.0,39.139,97.8,0.7031,0.0,45.7,0.0,0,IDLE_CREEP,0,UP,OFF,13.42,32.1,32.0,31.8,31.9
09:49:21,3rd Gear,3,25,2018,51.74,52.94,29.7,0.0,39.139,97.8,0.7038,0.0,45.7,0.0,0,IDLE_CREEP,0,UP,OFF,13.42,32.1,32.0,31.8,31.9
09:49:22,3rd Gear,3,25,2018,51.75,52.96,29.7,0.0,39.139,97.8,0.7045,0.0,45.7,0.0,0,IDLE_CREEP,0,UP,OFF,13.42,32.1,32.0,31.8,31.9
09:49:22,3rd Gear,3,25,2018,51.75,52.98,29.7,0.0,39.139,97.8,0.7051,0.0,45.7,0.0,0,IDLE_CREEP,0,UP,OFF,13.42,32.1,32.0,31.8,31.9
09:49:22,3rd Gear,3,25,2018,51.76,53.0,29.7,0.0,39.139,97.8,0.7058,0.0,45.7,0.0,0,IDLE_CREEP,0,UP,OFF,13.42,32.1,32.0,31.8,31.9
09:49:22,3rd Gear,3,25,2018,51.77,53.01,29.7,0.0,39.139,97.8,0.7065,0.0,45.7,0.0,0,IDLE_CREEP,0,UP,OFF,13.43,32.1,32.0,31.8,31.9
09:49:22,3rd Gear,3,25,2018,51.78,53.03,29.7,0.0,39.139,97.8,0.7072,0.0,45.7,0.0,0,IDLE_CREEP,0,UP,OFF,13.43,32.1,32.0,31.8,31.9
09:49:22,3rd Gear,3,25,2018,51.79,53.05,29.7,0.0,39.139,97.8,0.7079,0.0,45.7,0.0,0,IDLE_CREEP,0,UP,OFF,13.43,32.1,32.0,31.8,31.9
09:49:22,3rd Gear,3,25,2018,51.79,53.07,29.7,0.0,39.139,97.8,0.7086,0.0,45.7,0.0,0,IDLE_CREEP,0,UP,OFF,13.43,32.1,32.0,31.8,31.9
09:49:23,3rd Gear,3,25,2018,51.8,53.08,29.7,0.0,39.139,97.8,0.7093,0.0,45.7,0.0,0,IDLE_CREEP,0,UP,OFF,13.43,32.1,32.0,31.8,31.9
09:49:23,3rd Gear,3,25,2018,51.81,53.1,29.7,0.0,39.139,97.8,0.71,0.0,45.7,0.0,0,IDLE_CREEP,0,UP,OFF,13.43,32.1,32.0,31.8,31.9
09:49:23,3rd Gear,3,25,2018,51.82,53.12,29.7,0.0,39.139,97.8,0.7107,0.0,45.7,0.0,0,IDLE_CREEP,0,UP,OFF,13.43,32.1,32.0,31.8,31.9
09:49:23,3rd Gear,3,25,2018,51.82,53.14,29.7,0.0,39.139,97.8,0.7114,0.0,45.7,0.0,0,IDLE_CREEP,0,UP,OFF,13.43,32.1,32.0,31.8,31.9
09:49:23,3rd Gear,3,25,2018,51.83,53.15,29.7,0.0,39.139,97.8,0.7121,0.0,45.7,0.0,0,IDLE_CREEP,0,UP,OFF,13.43,32.1,32.0,31.8,31.9
09:49:23,3rd Gear,3,25,2018,51.84,53.17,29.7,0.0,39.139,97.8,0.7128,0.0,45.7,0.0,0,IDLE_CREEP,0,UP,OFF,13.43,32.1,32.0,31.8,31.9
09:49:23,3rd Gear,3,25,2018,51.85,53.19,29.7,0.0,39.139,97.8,0.7135,0.0,45.7,0.0,0,IDLE_CREEP,0,UP,OFF,13.44,32.1,32.0,31.8,31.9
09:49:23,3rd Gear,3,25,2018,51.86,53.21,29.7,0.0,39.139,97.8,0.7142,0.0,45.7,0.0,0,IDLE_CREEP,0,UP,OFF,13.44,32.1,32.0,31.8,31.9
09:49:24,3rd Gear,3,25,2018,51.86,53.22,29.7,0.0,39.139,97.8,0.7149,0.0,45.7,0.0,0,IDLE_CREEP,0,UP,OFF,13.44,32.1,32.0,31.8,31.9
09:49:24,3rd Gear,3,25,2018,51.87,53.24,29.7,0.0,39.139,97.8,0.7156,0.0,45.7,0.0,0,IDLE_CREEP,0,UP,OFF,13.44,32.1,32.0,31.8,31.9
09:49:24,3rd Gear,3,25,2018,51.88,53.26,29.7,0.0,39.139,97.8,0.7163,0.0,45.7,0.0,0,IDLE_CREEP,0,UP,OFF,13.44,32.1,32.0,31.8,31.9
09:49:24,3rd Gear,3,25,2018,51.89,53.27,29.7,0.0,39.139,97.8,0.717,0.0,45.7,0.0,0,IDLE_CREEP,0,UP,OFF,13.44,32.1,32.0,31.8,31.9
09:49:24,3rd Gear,3,25,2018,51.9,53.29,29.7,0.0,39.139,97.8,0.7176,0.0,45.7,0.0,0,IDLE_CREEP,0,UP,OFF,13.44,32.1,32.0,31.8,31.9
09:49:24,3rd Gear,3,25,2018,51.9,53.31,29.7,0.0,39.139,97.8,0.7183,0.0,45.7,0.0,0,IDLE_CREEP,0,UP,OFF,13.44,32.1,32.0,31.8,31.9
09:49:24,3rd Gear,3,25,2018,51.91,53.33,29.7,0.0,39.139,97.8,0.719,0.0,45.7,0.0,0,IDLE_CREEP,0,UP,OFF,13.44,32.1,32.0,31.8,31.9
09:49:25,3rd Gear,3,25,2018,51.92,53.34,29.7,0.0,39.139,97.8,0.7197,0.0,45.7,0.0,0,IDLE_CREEP,0,UP,OFF,13.44,32.1,32.0,31.8,31.9
09:49:25,3rd Gear,3,25,2018,51.93,53.36,29.7,0.0,39.139,97.8,0.7204,0.0,45.7,0.0,0,IDLE_CREEP,0,UP,OFF,13.45,32.1,32.0,31.8,31.9
09:49:25,3rd Gear,3,25,2018,51.93,53.38,29.7,0.0,39.139,97.8,0.7211,0.0,45.7,0.0,0,IDLE_CREEP,0,UP,OFF,13.45,32.1,32.0,31.8,31.9
09:49:25,3rd Gear,3,25,2018,51.94,53.39,29.7,0.0,39.139,97.8,0.7218,0.0,45.7,0.0,0,IDLE_CREEP,0,UP,OFF,13.45,32.1,32.0,31.8,31.9
09:49:25,3rd Gear,3,25,2018,51.95,53.41,29.7,0.0,39.139,97.8,0.7225,0.0,45.7,0.0,0,IDLE_CREEP,0,UP,OFF,13.45,32.1,32.0,31.8,31.9
09:49:25,3rd Gear,3,25,2018,51.96,53.43,29.7,0.0,39.139,97.8,0.7232,0.0,45.7,0.0,0,IDLE_CREEP,0,UP,OFF,13.45,32.1,32.0,31.8,31.9
09:49:25,3rd Gear,3,25,2018,51.96,53.45,29.7,0.0,39.139,97.8,0.7239,0.0,45.7,0.0,0,IDLE_CREEP,0,UP,OFF,13.45,32.1,32.0,31.8,31.9
09:49:25,3rd Gear,3,25,2018,51.97,53.46,29.7,0.0,39.139,97.8,0.7246,0.0,45.7,0.0,0,IDLE_CREEP,0,UP,OFF,13.45,32.1,32.0,31.8,31.9
09:49:26,3rd Gear,3,25,2018,51.98,53.48,29.7,0.0,39.139,97.8,0.7253,0.0,45.7,0.0,0,IDLE_CREEP,0,UP,OFF,13.45,32.1,32.0,31.8,31.9
09:49:26,3rd Gear,3,25,2018,51.99,53.5,29.7,0.0,39.139,97.8,0.726,0.0,45.7,0.0,0,IDLE_CREEP,0,UP,OFF,13.45,32.1,32.0,31.8,31.9
09:49:26,3rd Gear,3,25,2018,52.0,53.51,29.7,0.0,39.139,97.8,0.7267,0.0,45.7,0.0,0,IDLE_CREEP,0,UP,OFF,13.45,32.1,32.0,31.8,31.9
09:49:26,3rd Gear,3,25,2018,52.0,53.53,29.7,0.0,39.139,97.8,0.7274,0.0,45.7,0.0,0,IDLE_CREEP,0,UP,OFF,13.46,32.1,32.0,31.8,31.9
09:49:26,3rd Gear,3,25,2018,52.01,53.55,29.7,0.0,39.139,97.8,0.7281,0.0,45.7,0.0,0,IDLE_CREEP,0,UP,OFF,13.46,32.1,32.0,31.8,31.9
09:49:26,3rd Gear,3,25,2018,52.02,53.56,29.7,0.0,39.139,97.8,0.7288,0.0,45.7,0.0,0,IDLE_CREEP,0,UP,OFF,13.46,32.1,32.0,31.8,31.9
09:49:26,3rd Gear,3,25,2018,52.03,53.58,29.7,0.0,39.139,97.8,0.7295,0.0,45.7,0.0,0,IDLE_CREEP,0,UP,OFF,13.46,32.1,32.0,31.8,31.9
09:49:27,3rd Gear,3,25,2018,52.03,53.6,29.7,0.0,39.139,97.8,0.7301,0.0,45.7,0.0,0,IDLE_CREEP,0,UP,OFF,13.46,32.1,32.0,31.8,31.9
09:49:27,3rd Gear,3,25,2018,52.04,53.62,29.7,0.0,39.139,97.8,0.7308,0.0,45.7,0.0,0,IDLE_CREEP,0,UP,OFF,13.46,32.1,32.0,31.8,31.9
09:49:27,3rd Gear,3,25,2018,52.05,53.63,29.7,0.0,39.139,97.8,0.7315,0.0,45.7,0.0,0,IDLE_CREEP,0,UP,OFF,13.46,32.1,32.0,31.8,31.9
09:49:27,3rd Gear,3,25,2018,52.06,53.65,29.7,0.0,39.139,97.8,0.7322,0.0,45.7,0.0,0,IDLE_CREEP,0,UP,OFF,13.46,32.1,32.0,31.8,31.9
09:49:27,3rd Gear,3,25,2018,52.06,53.67,29.7,0.0,39.139,97.8,0.7329,0.0,45.7,0.0,0,IDLE_CREEP,0,UP,OFF,13.46,32.1,32.0,31.8,31.9
09:49:27,3rd Gear,3,25,2018,52.07,53.68,29.7,0.0,39.139,97.8,0.7336,0.0,45.7,0.0,0,IDLE_CREEP,0,UP,OFF,13.46,32.1,32.0,31.8,31.9
09:49:27,3rd Gear,3,25,2018,52.08,53.7,29.7,0.0,39.139,97.8,0.7343,0.0,45.7,0.0,0,IDLE_CREEP,0,UP,OFF,13.47,32.1,32.0,31.8,31.9
09:49:27,3rd Gear,3,25,2018,52.09,53.72,29.7,0.0,39.139,97.8,0.735,0.0,45.7,0.0,0,IDLE_CREEP,0,UP,OFF,13.47,32.1,32.0,31.8,31.9
09:49:28,3rd Gear,3,25,2018,52.09,53.73,29.7,0.0,39.139,97.8,0.7357,0.0,45.7,0.0,0,IDLE_CREEP,0,UP,OFF,13.47,32.1,32.0,31.8,31.9
09:49:28,3rd Gear,3,25,2018,52.1,53.75,29.7,0.0,39.139,97.8,0.7364,0.0,45.7,0.0,0,IDLE_CREEP,0,UP,OFF,13.47,32.1,32.0,31.8,31.9
09:49:28,3rd Gear,3,25,2018,52.11,53.77,29.7,0.0,39.139,97.8,0.7371,0.0,45.7,0.0,0,IDLE_CREEP,0,UP,OFF,13.47,32.1,32.0,31.8,31.9
09:49:28,3rd Gear,3,25,2018,52.12,53.78,29.7,0.0,39.139,97.8,0.7378,0.0,45.7,0.0,0,IDLE_CREEP,0,UP,OFF,13.47,32.1,32.0,31.8,31.9
09:49:28,3rd Gear,3,25,2018,52.12,53.8,29.7,0.0,39.139,97.8,0.7385,0.0,45.7,0.0,0,IDLE_CREEP,0,UP,OFF,13.47,32.1,32.0,31.8,31.9
09:49:28,3rd Gear,3,25,2018,52.13,53.82,29.7,0.0,39.139,97.8,0.7392,0.0,45.7,0.0,0,IDLE_CREEP,0,UP,OFF,13.47,32.1,32.0,31.8,31.9
09:49:28,3rd Gear,3,25,2018,52.14,53.83,29.7,0.0,39.139,97.8,0.7399,0.0,45.7,0.0,0,IDLE_CREEP,0,UP,OFF,13.47,32.1,32.0,31.8,31.9
09:49:29,3rd Gear,3,25,2018,52.15,53.85,29.7,0.0,39.139,97.8,0.7406,0.0,45.7,0.0,0,IDLE_CREEP,0,UP,OFF,13.47,32.1,32.0,31.8,31.9
09:49:29,3rd Gear,3,25,2018,52.16,53.87,29.7,0.0,39.139,97.8,0.7413,0.0,45.7,0.0,0,IDLE_CREEP,0,UP,OFF,13.48,32.1,32.0,31.8,31.9
09:49:29,3rd Gear,3,25,2018,52.16,53.88,29.7,0.0,39.139,97.8,0.742,0.0,45.7,0.0,0,IDLE_CREEP,0,UP,OFF,13.48,32.1,32.0,31.8,31.9
09:49:29,3rd Gear,3,25,2018,52.17,53.9,29.7,0.0,39.139,97.8,0.7426,0.0,45.7,0.0,0,IDLE_CREEP,0,UP,OFF,13.48,32.1,32.0,31.8,31.9
09:49:29,3rd Gear,3,25,2018,52.18,53.92,29.7,0.0,39.139,97.8,0.7433,0.0,45.7,0.0,0,IDLE_CREEP,0,UP,OFF,13.48,32.1,32.0,31.8,31.9
09:49:29,3rd Gear,3,25,2018,52.19,53.93,29.7,0.0,39.139,97.8,0.744,0.0,45.7,0.0,0,IDLE_CREEP,0,UP,OFF,13.48,32.1,32.0,31.8,31.9
09:49:29,3rd Gear,3,25,2018,52.19,53.95,29.7,0.0,39.139,97.8,0.7447,0.0,45.7,0.0,0,IDLE_CREEP,0,UP,OFF,13.48,32.1,32.0,31.8,31.9
09:49:29,3rd Gear,3,25,2018,52.2,53.97,29.7,0.0,39.139,97.8,0.7454,0.0,45.7,0.0,0,IDLE_CREEP,0,UP,OFF,13.48,32.1,32.0,31.8,31.9
09:49:30,3rd Gear,3,25,2018,52.21,53.98,29.7,0.0,39.139,97.8,0.7461,0.0,45.7,0.0,0,IDLE_CREEP,0,UP,OFF,13.48,32.1,32.0,31.8,31.9
09:49:30,3rd Gear,3,25,2018,52.21,54.0,29.7,0.0,39.139,97.8,0.7468,0.0,45.7,0.0,0,IDLE_CREEP,0,UP,OFF,13.48,32.1,32.0,31.8,31.9
09:49:30,3rd Gear,3,25,2018,52.22,54.02,29.7,0.0,39.139,97.8,0.7475,0.0,45.7,0.0,0,IDLE_CREEP,0,UP,OFF,13.48,32.1,32.0,31.8,31.9
09:49:30,3rd Gear,3,25,2018,52.23,54.03,29.7,0.0,39.139,97.8,0.7482,0.0,45.7,0.0,0,IDLE_CREEP,0,UP,OFF,13.49,32.1,32.0,31.8,31.9
09:49:30,3rd Gear,3,25,2018,52.24,54.05,29.7,0.0,39.139,97.8,0.7489,0.0,45.7,0.0,0,IDLE_CREEP,0,UP,OFF,13.49,32.1,32.0,31.8,31.9
09:49:30,3rd Gear,3,25,2018,52.24,54.06,29.7,0.0,39.139,97.8,0.7496,0.0,45.7,0.0,0,IDLE_CREEP,0,UP,OFF,13.49,32.1,32.0,31.8,31.9
09:49:30,3rd Gear,3,25,2018,52.25,54.08,29.7,0.0,39.139,97.8,0.7503,0.0,45.7,0.0,0,IDLE_CREEP,0,UP,OFF,13.49,32.1,32.0,31.8,31.9
09:49:30,3rd Gear,3,25,2018,52.26,54.1,29.7,0.0,39.139,97.8,0.751,0.0,45.7,0.0,0,IDLE_CREEP,0,UP,OFF,13.49,32.1,32.0,31.8,31.9
09:49:31,3rd Gear,3,25,2018,52.27,54.11,29.7,0.0,39.139,97.8,0.7517,0.0,45.7,0.0,0,IDLE_CREEP,0,UP,OFF,13.49,32.1,32.0,31.8,31.9
09:49:31,3rd Gear,3,25,2018,52.27,54.13,29.7,0.0,39.139,97.8,0.7524,0.0,45.7,0.0,0,IDLE_CREEP,0,UP,OFF,13.49,32.1,32.0,31.8,31.9
09:49:31,3rd Gear,3,25,2018,52.28,54.15,29.7,0.0,39.139,97.8,0.7531,0.0,45.7,0.0,0,IDLE_CREEP,0,UP,OFF,13.49,32.1,32.0,31.8,31.9
09:49:31,3rd Gear,3,25,2018,52.29,54.16,29.7,0.0,39.139,97.8,0.7538,0.0,45.7,0.0,0,IDLE_CREEP,0,UP,OFF,13.49,32.1,32.0,31.8,31.9
09:49:31,3rd Gear,3,25,2018,52.3,54.18,29.7,0.0,39.139,97.8,0.7545,0.0,45.7,0.0,0,IDLE_CREEP,0,UP,OFF,13.49,32.1,32.0,31.8,31.9
09:49:31,3rd Gear,3,25,2018,52.3,54.2,29.7,0.0,39.139,97.8,0.7551,0.0,45.7,0.0,0,IDLE_CREEP,0,UP,OFF,13.5,32.1,32.0,31.8,31.9
09:49:31,3rd Gear,3,25,2018,52.31,54.21,29.7,0.0,39.139,97.8,0.7558,0.0,45.7,0.0,0,IDLE_CREEP,0,UP,OFF,13.5,32.1,32.0,31.8,31.9
09:49:31,3rd Gear,3,25,2018,52.32,54.23,29.7,0.0,39.139,97.8,0.7565,0.0,45.7,0.0,0,IDLE_CREEP,0,UP,OFF,13.5,32.1,32.0,31.8,31.9
